Date,Open,High,Low,Close,Adj Close,Volume
2014-01-01,0.941682,0.9420629999999999,0.941442,0.941682,0.941682,0.0
2014-01-02,0.939408,0.9442870000000001,0.937998,0.9394520000000001,0.9394520000000001,0.0
2014-01-03,0.9372860000000001,0.943156,0.937084,0.9372860000000001,0.9372860000000001,0.0
2014-01-06,0.940681,0.942418,0.9364610000000001,0.9406899999999999,0.9406899999999999,0.0
2014-01-07,0.9380860000000001,0.938262,0.9292729999999999,0.9380069999999999,0.9380069999999999,0.0
2014-01-08,0.9281950000000001,0.928272,0.923617,0.9282469999999999,0.9282469999999999,0.0
2014-01-09,0.923975,0.9243,0.920336,0.924018,0.924018,0.0
2014-01-10,0.922024,0.922765,0.913801,0.9221010000000001,0.9221010000000001,0.0
2014-01-13,0.917061,0.92081,0.915164,0.9170860000000001,0.9170860000000001,0.0
2014-01-14,0.918999,0.9192870000000001,0.9142440000000001,0.918949,0.918949,0.0
2014-01-15,0.913409,0.9149129999999999,0.909918,0.9134760000000001,0.9134760000000001,0.0
2014-01-16,0.913576,0.9169940000000001,0.912267,0.913392,0.913392,0.0
2014-01-17,0.9147120000000001,0.915416,0.9106799999999999,0.914746,0.914746,0.0
2014-01-20,0.9119430000000001,0.914997,0.911668,0.911993,0.911993,0.0
2014-01-21,0.912933,0.9135840000000001,0.907565,0.913042,0.913042,0.0
2014-01-22,0.911494,0.913025,0.90384,0.9117430000000001,0.9117430000000001,0.0
2014-01-23,0.900739,0.9011450000000001,0.8950950000000001,0.900739,0.900739,0.0
2014-01-24,0.899904,0.904568,0.897964,0.899855,0.899855,0.0
2014-01-27,0.904077,0.906536,0.9033180000000001,0.9039959999999999,0.9039959999999999,0.0
2014-01-28,0.8996850000000001,0.902853,0.8953110000000001,0.899718,0.899718,0.0
2014-01-29,0.8973120000000001,0.900576,0.894086,0.897183,0.897183,0.0
2014-01-30,0.8942620000000001,0.896748,0.893072,0.894374,0.894374,0.0
2014-01-31,0.896274,0.896861,0.891107,0.896387,0.896387,0.0
2014-02-03,0.8990379999999999,0.905731,0.8983190000000001,0.8990950000000001,0.8990950000000001,0.0
2014-02-04,0.9001709999999999,0.904241,0.8990870000000001,0.9003329999999999,0.9003329999999999,0.0
2014-02-05,0.9022180000000001,0.906043,0.8992399999999999,0.902283,0.902283,0.0
2014-02-06,0.902666,0.904977,0.899184,0.902731,0.902731,0.0
2014-02-07,0.903424,0.911826,0.902747,0.903432,0.903432,0.0
2014-02-10,0.905961,0.907935,0.9042899999999999,0.9060520000000001,0.9060520000000001,0.0
2014-02-11,0.904486,0.906536,0.9017379999999999,0.904486,0.904486,0.0
2014-02-12,0.908183,0.911328,0.9070790000000001,0.9083969999999999,0.9083969999999999,0.0
2014-02-13,0.909422,0.9112450000000001,0.9070379999999999,0.909595,0.909595,0.0
2014-02-14,0.9109709999999999,0.9141600000000001,0.9104899999999999,0.9109709999999999,0.9109709999999999,0.0
2014-02-17,0.911394,0.913409,0.9106639999999999,0.911328,0.911328,0.0
2014-02-18,0.912742,0.913626,0.911162,0.912742,0.912742,0.0
2014-02-19,0.9131090000000001,0.916632,0.9047729999999999,0.913125,0.913125,0.0
2014-02-20,0.9031469999999999,0.9044040000000001,0.901551,0.903342,0.903342,0.0
2014-02-21,0.900739,0.900739,0.8941180000000001,0.900601,0.900601,0.0
2014-02-24,0.8999280000000001,0.903587,0.897666,0.8999280000000001,0.8999280000000001,0.0
2014-02-25,0.904241,0.9048139999999999,0.901299,0.904257,0.904257,0.0
2014-02-26,0.902177,0.903342,0.8999280000000001,0.9022100000000001,0.9022100000000001,0.0
2014-02-27,0.8979879999999999,0.898876,0.8962180000000001,0.8979879999999999,0.8979879999999999,0.0
2014-02-28,0.8992,0.9040040000000001,0.8975049999999999,0.8990379999999999,0.8990379999999999,0.0
2014-03-03,0.904012,0.905961,0.9001629999999999,0.903963,0.903963,0.0
2014-03-04,0.9025920000000001,0.904323,0.900552,0.90256,0.90256,0.0
2014-03-05,0.901957,0.905904,0.901323,0.901876,0.901876,0.0
2014-03-06,0.906692,0.91285,0.9053379999999999,0.906766,0.906766,0.0
2014-03-07,0.910249,0.910913,0.901372,0.910274,0.910274,0.0
2014-03-10,0.9018430000000001,0.901957,0.898553,0.9018430000000001,0.9018430000000001,0.0
2014-03-11,0.8996850000000001,0.9032610000000001,0.8985290000000001,0.899742,0.899742,0.0
2014-03-12,0.9002030000000001,0.900982,0.896644,0.9002030000000001,0.9002030000000001,0.0
2014-03-13,0.899523,0.905633,0.899273,0.8995479999999999,0.8995479999999999,0.0
2014-03-14,0.9027719999999999,0.9035059999999999,0.9002030000000001,0.902747,0.902747,0.0
2014-03-17,0.901299,0.905551,0.900739,0.901331,0.901331,0.0
2014-03-18,0.904364,0.906816,0.902128,0.904323,0.904323,0.0
2014-03-19,0.898666,0.899442,0.8932559999999999,0.89865,0.89865,0.0
2014-03-20,0.889426,0.889798,0.8867370000000001,0.8892450000000001,0.8892450000000001,0.0
2014-03-21,0.8896799999999999,0.8946299999999999,0.8879809999999999,0.889601,0.889601,0.0
2014-03-24,0.8908209999999999,0.892642,0.889284,0.890813,0.890813,0.0
2014-03-25,0.8931680000000001,0.8954719999999999,0.892077,0.8930959999999999,0.8930959999999999,0.0
2014-03-26,0.89564,0.898893,0.8954799999999999,0.8956559999999999,0.8956559999999999,0.0
2014-03-27,0.901128,0.905141,0.900747,0.901015,0.901015,0.0
2014-03-28,0.9065850000000001,0.9091739999999999,0.904159,0.906651,0.906651,0.0
2014-03-31,0.9048709999999999,0.908637,0.9036280000000001,0.904977,0.904977,0.0
2014-04-01,0.9048299999999999,0.907523,0.903375,0.9048139999999999,0.9048139999999999,0.0
2014-04-02,0.90675,0.9088350000000001,0.9053129999999999,0.906783,0.906783,0.0
2014-04-03,0.906618,0.9086780000000001,0.905789,0.9067,0.9067,0.0
2014-04-04,0.9062899999999999,0.912409,0.906208,0.9062899999999999,0.9062899999999999,0.0
2014-04-07,0.9108299999999999,0.911984,0.9084139999999999,0.910755,0.910755,0.0
2014-04-08,0.9111950000000001,0.916271,0.911062,0.91112,0.91112,0.0
2014-04-09,0.9149799999999999,0.9179790000000001,0.913926,0.914997,0.914997,0.0
2014-04-10,0.919033,0.920133,0.9158430000000001,0.919118,0.919118,0.0
2014-04-11,0.9149129999999999,0.9159860000000001,0.9106719999999999,0.9146290000000001,0.9146290000000001,0.0
2014-04-14,0.9112030000000001,0.913876,0.909885,0.911062,0.911062,0.0
2014-04-15,0.9116850000000001,0.912159,0.908043,0.9117430000000001,0.9117430000000001,0.0
2014-04-16,0.910473,0.911801,0.906372,0.910382,0.910382,0.0
2014-04-17,0.908323,0.9104479999999999,0.9076879999999999,0.9083479999999999,0.9083479999999999,0.0
2014-04-18,0.9085129999999999,0.909587,0.907062,0.9085040000000001,0.9085040000000001,0.0
2014-04-21,0.9073180000000001,0.908546,0.906602,0.907375,0.907375,0.0
2014-04-22,0.907532,0.9091739999999999,0.9058790000000001,0.9076059999999999,0.9076059999999999,0.0
2014-04-23,0.9068649999999999,0.907935,0.9049530000000001,0.9069229999999999,0.9069229999999999,0.0
2014-04-24,0.9065770000000001,0.907853,0.906043,0.9065770000000001,0.9065770000000001,0.0
2014-04-25,0.907359,0.908265,0.9055840000000001,0.907359,0.907359,0.0
2014-04-28,0.906257,0.907853,0.9059530000000001,0.9062899999999999,0.9062899999999999,0.0
2014-04-29,0.90712,0.912659,0.907021,0.9071040000000001,0.9071040000000001,0.0
2014-04-30,0.913242,0.91391,0.910913,0.913075,0.913075,0.0
2014-05-01,0.912367,0.912659,0.9095209999999999,0.911993,0.911993,0.0
2014-05-02,0.912184,0.914027,0.909256,0.912134,0.912134,0.0
2014-05-05,0.9110870000000001,0.913075,0.910133,0.9110790000000001,0.9110790000000001,0.0
2014-05-06,0.912575,0.918358,0.912409,0.912559,0.912559,0.0
2014-05-07,0.918307,0.919709,0.9170020000000001,0.918358,0.918358,0.0
2014-05-08,0.917734,0.920895,0.91717,0.9176,0.9176,0.0
2014-05-09,0.9233610000000001,0.924984,0.9163379999999999,0.923344,0.923344,0.0
2014-05-12,0.9175409999999999,0.920048,0.917212,0.9176,0.9176,0.0
2014-05-13,0.917675,0.918544,0.915583,0.9176,0.9176,0.0
2014-05-14,0.917112,0.9187799999999999,0.915734,0.916926,0.916926,0.0
2014-05-15,0.918442,0.921319,0.918375,0.9185270000000001,0.9185270000000001,0.0
2014-05-16,0.9193969999999999,0.9205559999999999,0.918417,0.9194559999999999,0.9194559999999999,0.0
2014-05-19,0.9204200000000001,0.9218290000000001,0.9195059999999999,0.92048,0.92048,0.0
2014-05-20,0.919794,0.920386,0.916221,0.919802,0.919802,0.0
2014-05-21,0.916632,0.918105,0.914077,0.916725,0.916725,0.0
2014-05-22,0.9163379999999999,0.9181889999999999,0.915533,0.916271,0.916271,0.0
2014-05-23,0.9180209999999999,0.920336,0.91675,0.9180209999999999,0.9180209999999999,0.0
2014-05-26,0.9199719999999999,0.9214889999999999,0.9198280000000001,0.920048,0.920048,0.0
2014-05-27,0.921048,0.9233610000000001,0.9199379999999999,0.92115,0.92115,0.0
2014-05-28,0.9213110000000001,0.922509,0.9200219999999999,0.921319,0.921319,0.0
2014-05-29,0.919963,0.923694,0.919473,0.920048,0.920048,0.0
2014-05-30,0.922765,0.924214,0.9204709999999999,0.9227139999999999,0.9227139999999999,0.0
2014-06-02,0.9223389999999999,0.9223389999999999,0.91717,0.9222540000000001,0.9222540000000001,0.0
2014-06-03,0.91733,0.918324,0.915642,0.9172459999999999,0.9172459999999999,0.0
2014-06-04,0.9160870000000001,0.91617,0.913025,0.9160870000000001,0.9160870000000001,0.0
2014-06-05,0.9138430000000001,0.915952,0.912742,0.913993,0.913993,0.0
2014-06-06,0.915717,0.916842,0.9134760000000001,0.915684,0.915684,0.0
2014-06-09,0.9144950000000001,0.9173469999999999,0.914344,0.915307,0.915307,0.0
2014-06-10,0.916977,0.918358,0.915919,0.916926,0.916926,0.0
2014-06-11,0.917684,0.920726,0.9171790000000001,0.917583,0.917583,0.0
2014-06-12,0.920099,0.922424,0.92009,0.9201159999999999,0.9201159999999999,0.0
2014-06-13,0.921192,0.9223389999999999,0.920099,0.921226,0.921226,0.0
2014-06-16,0.9210649999999999,0.9229350000000001,0.919084,0.92115,0.92115,0.0
2014-06-17,0.9218290000000001,0.921999,0.919709,0.9217350000000001,0.9217350000000001,0.0
2014-06-18,0.920726,0.9210649999999999,0.919625,0.9206409999999999,0.9206409999999999,0.0
2014-06-19,0.922884,0.9254969999999999,0.9228069999999999,0.9229350000000001,0.9229350000000001,0.0
2014-06-20,0.9244709999999999,0.9299729999999999,0.9237879999999999,0.9244709999999999,0.9244709999999999,0.0
2014-06-23,0.930042,0.9331139999999999,0.92999,0.93006,0.93006,0.0
2014-06-24,0.931966,0.9335319999999999,0.9308129999999999,0.93194,0.93194,0.0
2014-06-25,0.9306909999999999,0.9328620000000001,0.930111,0.930839,0.930839,0.0
2014-06-26,0.932514,0.9344049999999999,0.932436,0.9326700000000001,0.9326700000000001,0.0
2014-06-27,0.9352790000000001,0.937383,0.934981,0.935322,0.935322,0.0
2014-06-30,0.9376469999999999,0.938853,0.9350510000000001,0.9376030000000001,0.9376030000000001,0.0
2014-07-01,0.9371280000000001,0.938967,0.936584,0.937119,0.937119,0.0
2014-07-02,0.940291,0.941708,0.937515,0.940398,0.940398,0.0
2014-07-03,0.937427,0.9403799999999999,0.9364520000000001,0.937506,0.937506,0.0
2014-07-04,0.9401149999999999,0.9410879999999999,0.939311,0.940159,0.940159,0.0
2014-07-07,0.9387909999999999,0.940734,0.93668,0.938967,0.938967,0.0
2014-07-08,0.936154,0.9379719999999999,0.935191,0.936154,0.936154,0.0
2014-07-09,0.937049,0.939232,0.936049,0.937005,0.937005,0.0
2014-07-10,0.9391430000000001,0.939408,0.9368120000000001,0.9390200000000001,0.9390200000000001,0.0
2014-07-11,0.9391430000000001,0.9410879999999999,0.932644,0.939117,0.939117,0.0
2014-07-14,0.932227,0.9344049999999999,0.930544,0.9322010000000001,0.9322010000000001,0.0
2014-07-15,0.9332969999999999,0.9332969999999999,0.9290139999999999,0.933271,0.933271,0.0
2014-07-16,0.929524,0.930683,0.9266120000000001,0.9294370000000001,0.9294370000000001,0.0
2014-07-17,0.9314020000000001,0.9326620000000001,0.929359,0.931376,0.931376,0.0
2014-07-18,0.9292389999999999,0.933524,0.929161,0.9292469999999999,0.9292469999999999,0.0
2014-07-21,0.931272,0.932227,0.9301290000000001,0.9311590000000001,0.9311590000000001,0.0
2014-07-22,0.931272,0.932053,0.929541,0.931307,0.931307,0.0
2014-07-23,0.9312370000000001,0.933707,0.930717,0.931272,0.931272,0.0
2014-07-24,0.931932,0.9334450000000001,0.930622,0.931932,0.931932,0.0
2014-07-25,0.9308040000000001,0.9317059999999999,0.924599,0.930752,0.930752,0.0
2014-07-28,0.924984,0.926183,0.9244540000000001,0.925027,0.925027,0.0
2014-07-29,0.9261149999999999,0.926269,0.921243,0.926097,0.926097,0.0
2014-07-30,0.921532,0.921744,0.91659,0.9216340000000001,0.9216340000000001,0.0
2014-07-31,0.916842,0.9193370000000001,0.9153319999999999,0.916842,0.916842,0.0
2014-08-01,0.917011,0.9187290000000001,0.9138930000000001,0.916985,0.916985,0.0
2014-08-04,0.915533,0.916422,0.914687,0.915617,0.915617,0.0
2014-08-05,0.9170020000000001,0.917011,0.911162,0.916977,0.916977,0.0
2014-08-06,0.912176,0.9153319999999999,0.9104399999999999,0.912234,0.912234,0.0
2014-08-07,0.915961,0.9170780000000001,0.914327,0.9160530000000001,0.9160530000000001,0.0
2014-08-08,0.9148290000000001,0.9164559999999999,0.910573,0.9148040000000001,0.9148040000000001,0.0
2014-08-11,0.9115190000000001,0.9146620000000001,0.9110790000000001,0.9117430000000001,0.9117430000000001,0.0
2014-08-12,0.9151309999999999,0.915248,0.913209,0.9151309999999999,0.9151309999999999,0.0
2014-08-13,0.9151809999999999,0.9168,0.9142100000000001,0.915349,0.915349,0.0
2014-08-14,0.9162959999999999,0.918695,0.9156920000000001,0.916271,0.916271,0.0
2014-08-15,0.916851,0.920675,0.915977,0.916918,0.916918,0.0
2014-08-18,0.918105,0.9198790000000001,0.917515,0.9180799999999999,0.9180799999999999,0.0
2014-08-19,0.918358,0.9202170000000001,0.9148129999999999,0.918248,0.918248,0.0
2014-08-20,0.9142440000000001,0.9147709999999999,0.912409,0.914068,0.914068,0.0
2014-08-21,0.911652,0.9140520000000001,0.910307,0.911826,0.911826,0.0
2014-08-22,0.913701,0.915416,0.912226,0.913609,0.913609,0.0
2014-08-25,0.9117430000000001,0.9141600000000001,0.910797,0.911668,0.911668,0.0
2014-08-26,0.909587,0.913409,0.9094459999999999,0.9096700000000001,0.9096700000000001,0.0
2014-08-27,0.913325,0.918746,0.913084,0.913242,0.913242,0.0
2014-08-28,0.9202,0.9229350000000001,0.9202,0.920175,0.920175,0.0
2014-08-29,0.921234,0.924642,0.920726,0.921234,0.921234,0.0
2014-09-01,0.9194389999999999,0.9214040000000001,0.9193459999999999,0.9194469999999999,0.9194469999999999,0.0
2014-09-02,0.9202170000000001,0.9203020000000001,0.9145620000000001,0.920048,0.920048,0.0
2014-09-03,0.9150799999999999,0.9198790000000001,0.9138430000000001,0.9149129999999999,0.9149129999999999,0.0
2014-09-04,0.918307,0.9240780000000001,0.916658,0.918442,0.918442,0.0
2014-09-05,0.9186110000000001,0.9222790000000001,0.9173049999999999,0.9187799999999999,0.9187799999999999,0.0
2014-09-08,0.9187290000000001,0.918949,0.914436,0.918653,0.918653,0.0
2014-09-09,0.9106139999999999,0.911826,0.906618,0.9106639999999999,0.9106639999999999,0.0
2014-09-10,0.911236,0.913159,0.908018,0.9112120000000001,0.9112120000000001,0.0
2014-09-11,0.9132,0.914135,0.9058790000000001,0.913409,0.913409,0.0
2014-09-12,0.906093,0.906618,0.902438,0.9061170000000001,0.9061170000000001,0.0
2014-09-15,0.901957,0.9049360000000001,0.9010309999999999,0.901941,0.901941,0.0
2014-09-16,0.904961,0.910581,0.903228,0.90501,0.90501,0.0
2014-09-17,0.91122,0.914135,0.9107879999999999,0.911328,0.911328,0.0
2014-09-18,0.9083559999999999,0.9149129999999999,0.907869,0.908381,0.908381,0.0
2014-09-19,0.913868,0.918307,0.9108209999999999,0.913918,0.913918,0.0
2014-09-22,0.9136340000000001,0.915248,0.9073829999999999,0.913617,0.913617,0.0
2014-09-23,0.905797,0.910249,0.904151,0.905904,0.905904,0.0
2014-09-24,0.9032610000000001,0.903751,0.899264,0.903342,0.903342,0.0
2014-09-25,0.9031299999999999,0.903914,0.898876,0.902935,0.902935,0.0
2014-09-26,0.9004139999999999,0.901632,0.8955360000000001,0.900576,0.900576,0.0
2014-09-29,0.8956639999999999,0.89836,0.8946459999999999,0.8957360000000001,0.8957360000000001,0.0
2014-09-30,0.896025,0.8983110000000001,0.892299,0.8960889999999999,0.8960889999999999,0.0
2014-10-01,0.892299,0.8957360000000001,0.8911389999999999,0.892395,0.892395,0.0
2014-10-02,0.8967809999999999,0.9032610000000001,0.894775,0.896861,0.896861,0.0
2014-10-03,0.896322,0.896322,0.887445,0.896379,0.896379,0.0
2014-10-06,0.8881549999999999,0.8950469999999999,0.888099,0.888123,0.888123,0.0
2014-10-07,0.897199,0.8983760000000001,0.893495,0.8973040000000001,0.8973040000000001,0.0
2014-10-08,0.896057,0.8966200000000001,0.8922200000000001,0.8962180000000001,0.8962180000000001,0.0
2014-10-09,0.900658,0.9024459999999999,0.896483,0.900658,0.900658,0.0
2014-10-10,0.894382,0.896009,0.891266,0.8942459999999999,0.8942459999999999,0.0
2014-10-13,0.893975,0.8944059999999999,0.891425,0.893855,0.893855,0.0
2014-10-14,0.892379,0.893416,0.8883909999999999,0.892459,0.892459,0.0
2014-10-15,0.883861,0.8894110000000001,0.8783719999999999,0.883783,0.883783,0.0
2014-10-16,0.8874690000000001,0.8893629999999999,0.880359,0.887776,0.887776,0.0
2014-10-17,0.888099,0.8919809999999999,0.887603,0.888021,0.888021,0.0
2014-10-20,0.885818,0.889126,0.885818,0.8858969999999999,0.8858969999999999,0.0
2014-10-21,0.885426,0.892459,0.885285,0.885583,0.885583,0.0
2014-10-22,0.890631,0.893591,0.886077,0.890631,0.890631,0.0
2014-10-23,0.8888889999999999,0.892339,0.887942,0.8888889999999999,0.8888889999999999,0.0
2014-10-24,0.890948,0.8933760000000001,0.890234,0.891027,0.891027,0.0
2014-10-27,0.8898379999999999,0.891949,0.888739,0.8898379999999999,0.8898379999999999,0.0
2014-10-28,0.8889520000000001,0.895576,0.888826,0.8890469999999999,0.8890469999999999,0.0
2014-10-29,0.895415,0.899281,0.895183,0.895415,0.895415,0.0
2014-10-30,0.893559,0.8957440000000001,0.891329,0.893575,0.893575,0.0
2014-10-31,0.893336,0.894135,0.8826440000000001,0.893336,0.893336,0.0
2014-11-03,0.885975,0.8878870000000001,0.883041,0.885975,0.885975,0.0
2014-11-04,0.880336,0.8821450000000001,0.8752969999999999,0.880468,0.880468,0.0
2014-11-05,0.8778239999999999,0.8780629999999999,0.872288,0.87774,0.87774,0.0
2014-11-06,0.8776700000000001,0.8788889999999999,0.8743549999999999,0.877639,0.877639,0.0
2014-11-07,0.8751969999999999,0.8824649999999999,0.873568,0.875174,0.875174,0.0
2014-11-10,0.882768,0.885191,0.882301,0.8828,0.8828,0.0
2014-11-11,0.8794219999999999,0.8821450000000001,0.877108,0.8795459999999999,0.8795459999999999,0.0
2014-11-12,0.882301,0.8864620000000001,0.880444,0.882301,0.882301,0.0
2014-11-13,0.883236,0.884956,0.881337,0.8831969999999999,0.8831969999999999,0.0
2014-11-14,0.878657,0.8843770000000001,0.8777860000000001,0.878657,0.878657,0.0
2014-11-17,0.8858809999999999,0.887548,0.883057,0.8856850000000001,0.8856850000000001,0.0
2014-11-18,0.8852690000000001,0.888336,0.8833139999999999,0.8853469999999999,0.8853469999999999,0.0
2014-11-19,0.883548,0.883704,0.880669,0.883252,0.883252,0.0
2014-11-20,0.881135,0.8852690000000001,0.8796309999999999,0.881135,0.881135,0.0
2014-11-21,0.884251,0.893072,0.8830180000000001,0.884251,0.884251,0.0
2014-11-24,0.890345,0.891107,0.8864620000000001,0.8904559999999999,0.8904559999999999,0.0
2014-11-25,0.8858969999999999,0.890234,0.883861,0.885818,0.885818,0.0
2014-11-26,0.888968,0.890393,0.8852610000000001,0.8890469999999999,0.8890469999999999,0.0
2014-11-27,0.888652,0.890393,0.8820600000000001,0.888739,0.888739,0.0
2014-11-28,0.881912,0.882301,0.8738739999999999,0.881912,0.881912,0.0
2014-12-01,0.873294,0.8805139999999999,0.8727370000000001,0.873065,0.873065,0.0
2014-12-02,0.8832909999999999,0.883626,0.8754270000000001,0.883392,0.883392,0.0
2014-12-03,0.877193,0.8812129999999999,0.876117,0.877193,0.877193,0.0
2014-12-04,0.8798940000000001,0.8819040000000001,0.877639,0.8800959999999999,0.8800959999999999,0.0
2014-12-05,0.8782719999999999,0.878503,0.871452,0.878194,0.878194,0.0
2014-12-08,0.8737290000000001,0.8751969999999999,0.8721209999999999,0.8737440000000001,0.8737440000000001,0.0
2014-12-09,0.8710950000000001,0.877347,0.869792,0.8709969999999999,0.8709969999999999,0.0
2014-12-10,0.8741030000000001,0.8745850000000001,0.869641,0.874202,0.874202,0.0
2014-12-11,0.872258,0.8737440000000001,0.867017,0.8720680000000001,0.8720680000000001,0.0
2014-12-12,0.867303,0.86798,0.8628870000000001,0.867431,0.867431,0.0
2014-12-15,0.8649700000000001,0.8660329999999999,0.8601629999999999,0.8647379999999999,0.8647379999999999,0.0
2014-12-16,0.8575809999999999,0.861475,0.857427,0.858089,0.858089,0.0
2014-12-17,0.859668,0.860585,0.8570450000000001,0.8596969999999999,0.8596969999999999,0.0
2014-12-18,0.8593870000000001,0.8643790000000001,0.8587379999999999,0.859402,0.859402,0.0
2014-12-19,0.86326,0.864603,0.860001,0.863334,0.863334,0.0
2014-12-22,0.861475,0.86408,0.858952,0.8611040000000001,0.8611040000000001,0.0
2014-12-23,0.859033,0.861549,0.8572649999999999,0.858922,0.858922,0.0
2014-12-24,0.8606520000000001,0.862597,0.8591799999999999,0.860733,0.860733,0.0
2014-12-25,0.8605780000000001,0.8616010000000001,0.860067,0.8605780000000001,0.8605780000000001,0.0
2014-12-26,0.8604069999999999,0.86192,0.8602,0.860733,0.860733,0.0
2014-12-29,0.8596969999999999,0.86192,0.8591799999999999,0.859764,0.859764,0.0
2014-12-30,0.858959,0.862143,0.85834,0.8590110000000001,0.8590110000000001,0.0
2014-12-31,0.861816,0.8642299999999999,0.8609629999999999,0.861712,0.861712,0.0
2015-01-01,0.860985,0.860985,0.860985,0.860985,0.860985,0.0
2015-01-02,0.860807,0.8609559999999999,0.8526600000000001,0.86103,0.86103,0.0
2015-01-05,0.84804,0.850268,0.8466040000000001,0.8479610000000001,0.8479610000000001,0.0
2015-01-06,0.8506290000000001,0.852442,0.848076,0.850557,0.850557,0.0
2015-01-07,0.844809,0.8465969999999999,0.8426520000000001,0.844809,0.844809,0.0
2015-01-08,0.846217,0.847817,0.84473,0.846131,0.846131,0.0
2015-01-09,0.8455229999999999,0.8470270000000001,0.8412129999999999,0.8454940000000001,0.8454940000000001,0.0
2015-01-12,0.8443879999999999,0.845166,0.837942,0.8442879999999999,0.8442879999999999,0.0
2015-01-13,0.835562,0.838181,0.833889,0.835562,0.835562,0.0
2015-01-14,0.8366100000000001,0.8383709999999999,0.8322719999999999,0.8365049999999999,0.8365049999999999,0.0
2015-01-15,0.837044,0.8471700000000001,0.833945,0.8370299999999999,0.8370299999999999,0.0
2015-01-16,0.83626,0.83626,0.8302200000000001,0.83626,0.83626,0.0
2015-01-19,0.835492,0.83696,0.834411,0.8354010000000001,0.8354010000000001,0.0
2015-01-20,0.8365540000000001,0.8368200000000001,0.8259,0.83647,0.83647,0.0
2015-01-21,0.825628,0.82894,0.811557,0.8255520000000001,0.8255520000000001,0.0
2015-01-22,0.810176,0.812018,0.807363,0.8101229999999999,0.8101229999999999,0.0
2015-01-23,0.807467,0.808996,0.8030649999999999,0.807611,0.807611,0.0
2015-01-26,0.802729,0.805348,0.801661,0.802761,0.802761,0.0
2015-01-27,0.8014100000000001,0.807774,0.800295,0.801327,0.801327,0.0
2015-01-28,0.8067770000000001,0.806855,0.802768,0.8068420000000001,0.8068420000000001,0.0
2015-01-29,0.798276,0.799316,0.795045,0.7985939999999999,0.7985939999999999,0.0
2015-01-30,0.792883,0.793021,0.781714,0.792896,0.792896,0.0
2015-02-02,0.788146,0.7956340000000001,0.782975,0.78814,0.78814,0.0
2015-02-03,0.794786,0.800833,0.791008,0.794723,0.794723,0.0
2015-02-04,0.803729,0.807103,0.794445,0.803794,0.803794,0.0
2015-02-05,0.795039,0.805614,0.79466,0.7951020000000001,0.7951020000000001,0.0
2015-02-06,0.804182,0.805399,0.800711,0.804182,0.804182,0.0
2015-02-09,0.798977,0.80457,0.798575,0.798913,0.798913,0.0
2015-02-10,0.801603,0.8034060000000001,0.797804,0.801674,0.801674,0.0
2015-02-11,0.794679,0.7954180000000001,0.787786,0.79466,0.79466,0.0
2015-02-12,0.792519,0.803652,0.790851,0.7925810000000001,0.7925810000000001,0.0
2015-02-13,0.799475,0.8050039999999999,0.797715,0.799412,0.799412,0.0
2015-02-16,0.802955,0.805283,0.801244,0.802942,0.802942,0.0
2015-02-17,0.801667,0.8089310000000001,0.801667,0.801629,0.801629,0.0
2015-02-18,0.807103,0.8076760000000001,0.802375,0.80705,0.80705,0.0
2015-02-19,0.80289,0.804143,0.797257,0.80289,0.80289,0.0
2015-02-20,0.800705,0.8050229999999999,0.796007,0.800621,0.800621,0.0
2015-02-23,0.797887,0.797887,0.792205,0.7979,0.7979,0.0
2015-02-24,0.795412,0.796261,0.789858,0.795355,0.795355,0.0
2015-02-25,0.8004479999999999,0.806361,0.8004479999999999,0.8002560000000001,0.8002560000000001,0.0
2015-02-26,0.804447,0.807272,0.798658,0.8044279999999999,0.8044279999999999,0.0
2015-02-27,0.799706,0.8032130000000001,0.799424,0.799808,0.799808,0.0
2015-03-02,0.7991689999999999,0.8014680000000001,0.796242,0.7990729999999999,0.7990729999999999,0.0
2015-03-03,0.797385,0.804343,0.797283,0.797512,0.797512,0.0
2015-03-04,0.8009609999999999,0.803665,0.797804,0.80109,0.80109,0.0
2015-03-05,0.804894,0.805932,0.80073,0.804868,0.804868,0.0
2015-03-06,0.801218,0.802768,0.792324,0.801141,0.801141,0.0
2015-03-09,0.7933359999999999,0.795355,0.792154,0.793462,0.793462,0.0
2015-03-10,0.792393,0.79355,0.788519,0.79233,0.79233,0.0
2015-03-11,0.788936,0.78964,0.782552,0.78898,0.78898,0.0
2015-03-12,0.785053,0.792205,0.783269,0.7849970000000001,0.7849970000000001,0.0
2015-03-13,0.788084,0.788084,0.779964,0.787972,0.787972,0.0
2015-03-16,0.780366,0.783822,0.7802560000000001,0.780238,0.780238,0.0
2015-03-17,0.782816,0.784308,0.7816649999999999,0.7828890000000001,0.7828890000000001,0.0
2015-03-18,0.782099,0.783042,0.779302,0.782044,0.782044,0.0
2015-03-19,0.796369,0.7994439999999999,0.784658,0.7966409999999999,0.7966409999999999,0.0
2015-03-20,0.787402,0.795672,0.78625,0.7873399999999999,0.7873399999999999,0.0
2015-03-23,0.794748,0.799616,0.79277,0.794868,0.794868,0.0
2015-03-24,0.798722,0.804389,0.797137,0.798658,0.798658,0.0
2015-03-25,0.799616,0.801667,0.79755,0.799424,0.799424,0.0
2015-03-26,0.798384,0.805737,0.7981159999999999,0.798276,0.798276,0.0
2015-03-27,0.8012819999999999,0.802053,0.794818,0.801321,0.801321,0.0
2015-03-30,0.793147,0.793525,0.787216,0.793147,0.793147,0.0
2015-03-31,0.788924,0.789902,0.782718,0.78906,0.78906,0.0
2015-04-01,0.788333,0.79367,0.78685,0.788146,0.788146,0.0
2015-04-02,0.792858,0.796305,0.790389,0.792996,0.792996,0.0
2015-04-03,0.7960520000000001,0.804175,0.795355,0.796071,0.796071,0.0
2015-04-06,0.801539,0.804091,0.8010189999999999,0.801603,0.801603,0.0
2015-04-07,0.801603,0.803084,0.798786,0.801635,0.801635,0.0
2015-04-08,0.799808,0.806211,0.7975439999999999,0.799744,0.799744,0.0
2015-04-09,0.797359,0.7995140000000001,0.793141,0.797353,0.797353,0.0
2015-04-10,0.794913,0.795463,0.789665,0.795096,0.795096,0.0
2015-04-13,0.795355,0.795988,0.790914,0.7955770000000001,0.7955770000000001,0.0
2015-04-14,0.794155,0.803581,0.7935369999999999,0.794155,0.794155,0.0
2015-04-15,0.80109,0.808761,0.79583,0.801045,0.801045,0.0
2015-04-16,0.8126979999999999,0.8191149999999999,0.811234,0.8127439999999999,0.8127439999999999,0.0
2015-04-17,0.819578,0.826993,0.8167,0.819578,0.819578,0.0
2015-04-20,0.819001,0.8212200000000001,0.81592,0.818954,0.818954,0.0
2015-04-21,0.8177949999999999,0.818699,0.813471,0.81813,0.81813,0.0
2015-04-22,0.814996,0.818934,0.813974,0.815228,0.815228,0.0
2015-04-23,0.816793,0.824008,0.815182,0.81686,0.81686,0.0
2015-04-24,0.8231129999999999,0.8261729999999999,0.8210379999999999,0.823255,0.823255,0.0
2015-04-27,0.821693,0.8278690000000001,0.820116,0.821733,0.821733,0.0
2015-04-28,0.826925,0.832016,0.825369,0.826925,0.826925,0.0
2015-04-29,0.8308549999999999,0.836442,0.828363,0.830772,0.830772,0.0
2015-04-30,0.832016,0.833458,0.824375,0.8320569999999999,0.8320569999999999,0.0
2015-05-01,0.8280200000000001,0.828089,0.81935,0.827952,0.827952,0.0
2015-05-04,0.8221719999999999,0.827061,0.8210719999999999,0.822233,0.822233,0.0
2015-05-05,0.827,0.8330139999999999,0.824355,0.826959,0.826959,0.0
2015-05-06,0.8281850000000001,0.83731,0.8274100000000001,0.8284590000000001,0.8284590000000001,0.0
2015-05-07,0.8305299999999999,0.8311860000000001,0.8226120000000001,0.8307030000000001,0.8307030000000001,0.0
2015-05-08,0.825996,0.829009,0.8234319999999999,0.8259,0.8259,0.0
2015-05-11,0.8269860000000001,0.8288989999999999,0.823486,0.827102,0.827102,0.0
2015-05-12,0.8268559999999999,0.8345020000000001,0.8260569999999999,0.8268840000000001,0.8268840000000001,0.0
2015-05-13,0.832792,0.838251,0.831421,0.833125,0.833125,0.0
2015-05-14,0.83654,0.839067,0.8330700000000001,0.83654,0.83654,0.0
2015-05-15,0.8344459999999999,0.834794,0.828741,0.834516,0.834516,0.0
2015-05-18,0.8322930000000001,0.832362,0.822517,0.832515,0.832515,0.0
2015-05-19,0.8233299999999999,0.8245379999999999,0.816453,0.823384,0.823384,0.0
2015-05-20,0.817735,0.819739,0.8159930000000001,0.8177220000000001,0.8177220000000001,0.0
2015-05-21,0.8194030000000001,0.8216120000000001,0.81702,0.819242,0.819242,0.0
2015-05-22,0.819901,0.8214899999999999,0.813537,0.819941,0.819941,0.0
2015-05-25,0.813405,0.8147300000000001,0.812084,0.813339,0.813339,0.0
2015-05-26,0.8117939999999999,0.813074,0.803471,0.8117340000000001,0.8117340000000001,0.0
2015-05-27,0.8050229999999999,0.8067770000000001,0.800871,0.804868,0.804868,0.0
2015-05-28,0.802813,0.804117,0.797734,0.802955,0.802955,0.0
2015-05-29,0.80492,0.805802,0.798327,0.804823,0.804823,0.0
2015-06-01,0.8025939999999999,0.803413,0.796121,0.802819,0.802819,0.0
2015-06-02,0.798397,0.80501,0.797804,0.798441,0.798441,0.0
2015-06-03,0.805607,0.8074939999999999,0.799744,0.805562,0.805562,0.0
2015-06-04,0.802761,0.804117,0.799859,0.802826,0.802826,0.0
2015-06-05,0.800384,0.802736,0.796045,0.800384,0.800384,0.0
2015-06-08,0.802459,0.806712,0.80195,0.802761,0.802761,0.0
2015-06-09,0.805737,0.812612,0.8039229999999999,0.805802,0.805802,0.0
2015-06-10,0.810438,0.8195379999999999,0.809664,0.810373,0.810373,0.0
2015-06-11,0.814458,0.815262,0.809599,0.8147300000000001,0.8147300000000001,0.0
2015-06-12,0.813537,0.8145979999999999,0.8099529999999999,0.813471,0.813471,0.0
2015-06-15,0.812084,0.8122159999999999,0.809179,0.812038,0.812038,0.0
2015-06-16,0.812018,0.812678,0.810077,0.811952,0.811952,0.0
2015-06-17,0.813405,0.8139350000000001,0.810879,0.813312,0.813312,0.0
2015-06-18,0.817661,0.8245180000000001,0.817294,0.817728,0.817728,0.0
2015-06-19,0.817976,0.818867,0.813392,0.8177949999999999,0.8177949999999999,0.0
2015-06-22,0.814664,0.818599,0.812949,0.8147300000000001,0.8147300000000001,0.0
2015-06-23,0.81213,0.81213,0.807689,0.812117,0.812117,0.0
2015-06-24,0.811517,0.8144979999999999,0.805017,0.8114779999999999,0.8114779999999999,0.0
2015-06-25,0.807441,0.810964,0.806588,0.8074939999999999,0.8074939999999999,0.0
2015-06-26,0.810944,0.811096,0.8067310000000001,0.8108920000000001,0.8108920000000001,0.0
2015-06-29,0.8096180000000001,0.812612,0.8059970000000001,0.809651,0.809651,0.0
2015-06-30,0.805639,0.808878,0.80032,0.805678,0.805678,0.0
2015-07-01,0.801545,0.801667,0.7958810000000001,0.801475,0.801475,0.0
2015-07-02,0.794319,0.796369,0.7916340000000001,0.794212,0.794212,0.0
2015-07-03,0.797067,0.797474,0.793588,0.797194,0.797194,0.0
2015-07-06,0.792927,0.7958810000000001,0.789964,0.792764,0.792764,0.0
2015-07-07,0.7898890000000001,0.7905760000000001,0.782601,0.789933,0.789933,0.0
2015-07-08,0.7861640000000001,0.788084,0.783503,0.786361,0.786361,0.0
2015-07-09,0.785435,0.789453,0.784868,0.785608,0.785608,0.0
2015-07-10,0.786788,0.789478,0.7842399999999999,0.7868069999999999,0.7868069999999999,0.0
2015-07-13,0.787569,0.788451,0.781971,0.78765,0.78765,0.0
2015-07-14,0.7841229999999999,0.786287,0.781067,0.7842520000000001,0.7842520000000001,0.0
2015-07-15,0.785238,0.78604,0.772857,0.785114,0.785114,0.0
2015-07-16,0.773694,0.774953,0.772284,0.773575,0.773575,0.0
2015-07-17,0.771135,0.7723800000000001,0.769325,0.771123,0.771123,0.0
2015-07-20,0.769876,0.772141,0.767996,0.770001,0.770001,0.0
2015-07-21,0.769468,0.7741140000000001,0.76851,0.7694850000000001,0.7694850000000001,0.0
2015-07-22,0.772798,0.773036,0.766401,0.772618,0.772618,0.0
2015-07-23,0.766789,0.77204,0.766483,0.766824,0.766824,0.0
2015-07-24,0.76799,0.768285,0.763219,0.768138,0.768138,0.0
2015-07-27,0.766871,0.770416,0.766718,0.7668119999999999,0.7668119999999999,0.0
2015-07-28,0.767101,0.773335,0.76693,0.767001,0.767001,0.0
2015-07-29,0.7735029999999999,0.77688,0.7712359999999999,0.773473,0.773473,0.0
2015-07-30,0.772266,0.77232,0.766712,0.772338,0.772338,0.0
2015-07-31,0.768994,0.772678,0.765146,0.7689,0.7689,0.0
2015-08-03,0.762021,0.762835,0.759077,0.762137,0.762137,0.0
2015-08-04,0.759936,0.76298,0.7590020000000001,0.759988,0.759988,0.0
2015-08-05,0.7579779999999999,0.762614,0.756848,0.758035,0.758035,0.0
2015-08-06,0.7591859999999999,0.760572,0.757943,0.759359,0.759359,0.0
2015-08-07,0.762486,0.765931,0.758783,0.76259,0.76259,0.0
2015-08-10,0.760508,0.766342,0.758771,0.760746,0.760746,0.0
2015-08-11,0.76864,0.7695270000000001,0.76063,0.768569,0.768569,0.0
2015-08-12,0.76337,0.772105,0.7603409999999999,0.763359,0.763359,0.0
2015-08-13,0.770541,0.7716649999999999,0.7640939999999999,0.770594,0.770594,0.0
2015-08-14,0.765474,0.768285,0.764146,0.765404,0.765404,0.0
2015-08-17,0.763417,0.764117,0.7603810000000001,0.7633409999999999,0.7633409999999999,0.0
2015-08-18,0.763709,0.7656970000000001,0.761887,0.76365,0.76365,0.0
2015-08-19,0.765931,0.767813,0.759371,0.765755,0.765755,0.0
2015-08-20,0.761934,0.765755,0.7591289999999999,0.7619630000000001,0.7619630000000001,0.0
2015-08-21,0.764818,0.7653449999999999,0.758725,0.764725,0.764725,0.0
2015-08-24,0.75643,0.7598550000000001,0.752695,0.756487,0.756487,0.0
2015-08-25,0.752785,0.7603810000000001,0.75188,0.752729,0.752729,0.0
2015-08-26,0.7494,0.754632,0.749232,0.7492880000000001,0.7492880000000001,0.0
2015-08-27,0.75188,0.758323,0.751637,0.75188,0.75188,0.0
2015-08-28,0.75815,0.75959,0.752038,0.75815,0.75815,0.0
2015-08-31,0.7552300000000001,0.756979,0.750508,0.755401,0.755401,0.0
2015-09-01,0.760919,0.762259,0.755847,0.760861,0.760861,0.0
2015-09-02,0.754558,0.757576,0.750801,0.754546,0.754546,0.0
2015-09-03,0.753818,0.761151,0.75261,0.753864,0.753864,0.0
2015-09-04,0.758167,0.759994,0.752683,0.758265,0.758265,0.0
2015-09-07,0.753012,0.755059,0.751428,0.753239,0.753239,0.0
2015-09-08,0.752089,0.7584380000000001,0.751484,0.752038,0.752038,0.0
2015-09-09,0.757599,0.7601899999999999,0.754404,0.757576,0.757576,0.0
2015-09-10,0.752921,0.758323,0.7526609999999999,0.753063,0.753063,0.0
2015-09-11,0.755744,0.7567729999999999,0.751518,0.755624,0.755624,0.0
2015-09-14,0.755025,0.756201,0.753625,0.754865,0.754865,0.0
2015-09-15,0.75466,0.755995,0.753579,0.75466,0.75466,0.0
2015-09-16,0.7550020000000001,0.7595609999999999,0.754774,0.755059,0.755059,0.0
2015-09-17,0.759319,0.759474,0.757415,0.759417,0.759417,0.0
2015-09-18,0.7589560000000001,0.768468,0.7588,0.759013,0.759013,0.0
2015-09-21,0.756487,0.759013,0.7543920000000001,0.756487,0.756487,0.0
2015-09-22,0.7547510000000001,0.756544,0.752049,0.754774,0.754774,0.0
2015-09-23,0.753426,0.755687,0.75003,0.753409,0.753409,0.0
2015-09-24,0.750638,0.7515970000000001,0.745506,0.7504689999999999,0.7504689999999999,0.0
2015-09-25,0.749738,0.752004,0.748879,0.749681,0.749681,0.0
2015-09-28,0.750069,0.75092,0.747501,0.749963,0.749963,0.0
2015-09-29,0.746491,0.747731,0.7446510000000001,0.746436,0.746436,0.0
2015-09-30,0.7450289999999999,0.747831,0.744624,0.745212,0.745212,0.0
2015-10-01,0.75092,0.75643,0.750762,0.75092,0.75092,0.0
2015-10-02,0.755093,0.7584380000000001,0.754774,0.754962,0.754962,0.0
2015-10-05,0.759134,0.765462,0.759134,0.759474,0.759474,0.0
2015-10-06,0.764351,0.766612,0.761551,0.764351,0.764351,0.0
2015-10-07,0.766989,0.770713,0.7656970000000001,0.766636,0.766636,0.0
2015-10-08,0.765462,0.768403,0.7650060000000001,0.7653979999999999,0.7653979999999999,0.0
2015-10-09,0.769408,0.7751939999999999,0.769231,0.76932,0.76932,0.0
2015-10-12,0.772022,0.7751939999999999,0.770951,0.772201,0.772201,0.0
2015-10-13,0.768699,0.771486,0.764625,0.76858,0.76858,0.0
2015-10-14,0.768285,0.771486,0.7678550000000001,0.768167,0.768167,0.0
2015-10-15,0.774407,0.77682,0.7723140000000001,0.773994,0.773994,0.0
2015-10-16,0.777926,0.7782100000000001,0.772971,0.7780279999999999,0.7780279999999999,0.0
2015-10-19,0.774216,0.775092,0.769361,0.77418,0.77418,0.0
2015-10-20,0.768108,0.772977,0.766518,0.768049,0.768049,0.0
2015-10-21,0.770066,0.771188,0.762375,0.770084,0.770084,0.0
2015-10-22,0.761429,0.764351,0.760046,0.761412,0.761412,0.0
2015-10-23,0.7630680000000001,0.766742,0.757834,0.763009,0.763009,0.0
2015-10-26,0.759169,0.7616149999999999,0.7585529999999999,0.759175,0.759175,0.0
2015-10-27,0.760069,0.760167,0.754808,0.760109,0.760109,0.0
2015-10-28,0.7535970000000001,0.7614989999999999,0.75312,0.753579,0.753579,0.0
2015-10-29,0.757857,0.761267,0.755498,0.758093,0.758093,0.0
2015-10-30,0.759994,0.764281,0.758185,0.759936,0.759936,0.0
2015-11-02,0.764935,0.765521,0.7625029999999999,0.7649590000000001,0.7649590000000001,0.0
2015-11-03,0.763709,0.764584,0.759901,0.763767,0.763767,0.0
2015-11-04,0.7653800000000001,0.766695,0.760242,0.765439,0.765439,0.0
2015-11-05,0.760225,0.761035,0.7584890000000001,0.760173,0.760173,0.0
2015-11-06,0.759763,0.760167,0.751512,0.759763,0.759763,0.0
2015-11-09,0.752106,0.7550020000000001,0.7513489999999999,0.752106,0.752106,0.0
2015-11-10,0.753807,0.754831,0.752355,0.753812,0.753812,0.0
2015-11-11,0.75392,0.755664,0.752955,0.754045,0.754045,0.0
2015-11-12,0.75454,0.7561439999999999,0.749732,0.754546,0.754546,0.0
2015-11-13,0.752848,0.75375,0.749356,0.752899,0.752899,0.0
2015-11-16,0.750875,0.752502,0.7480939999999999,0.7507510000000001,0.7507510000000001,0.0
2015-11-17,0.750058,0.751942,0.749451,0.750188,0.750188,0.0
2015-11-18,0.75092,0.752049,0.749125,0.7508859999999999,0.7508859999999999,0.0
2015-11-19,0.7519359999999999,0.754945,0.751897,0.7519359999999999,0.7519359999999999,0.0
2015-11-20,0.7521680000000001,0.7535229999999999,0.750075,0.7521399999999999,0.7521399999999999,0.0
2015-11-23,0.748688,0.7499060000000001,0.744325,0.7487159999999999,0.7487159999999999,0.0
2015-11-24,0.748447,0.75092,0.747692,0.748486,0.748486,0.0
2015-11-25,0.75158,0.753125,0.749816,0.75171,0.75171,0.0
2015-11-26,0.752066,0.752842,0.750644,0.752038,0.752038,0.0
2015-11-27,0.7522760000000001,0.752445,0.7480220000000001,0.752196,0.752196,0.0
2015-11-30,0.748111,0.7510100000000001,0.7467090000000001,0.748111,0.748111,0.0
2015-12-01,0.749103,0.751371,0.747228,0.749131,0.749131,0.0
2015-12-02,0.748503,0.750368,0.745957,0.748503,0.748503,0.0
2015-12-03,0.74912,0.752049,0.7467699999999999,0.749182,0.749182,0.0
2015-12-04,0.7492880000000001,0.750689,0.745462,0.749238,0.749238,0.0
2015-12-07,0.746938,0.747161,0.7400939999999999,0.746938,0.746938,0.0
2015-12-08,0.740242,0.740527,0.734355,0.74028,0.74028,0.0
2015-12-09,0.736404,0.739765,0.735078,0.73641,0.73641,0.0
2015-12-10,0.737028,0.738989,0.735879,0.737083,0.737083,0.0
2015-12-11,0.733471,0.733514,0.729384,0.733514,0.733514,0.0
2015-12-14,0.728014,0.730978,0.725684,0.728014,0.728014,0.0
2015-12-15,0.728544,0.731358,0.7269399999999999,0.7284970000000001,0.7284970000000001,0.0
2015-12-16,0.728491,0.728513,0.722601,0.728417,0.728417,0.0
2015-12-17,0.7249899999999999,0.725637,0.716615,0.725163,0.725163,0.0
2015-12-18,0.7179369999999999,0.71959,0.714449,0.718184,0.718184,0.0
2015-12-21,0.717072,0.7187520000000001,0.71541,0.717051,0.717051,0.0
2015-12-22,0.71683,0.718566,0.7161529999999999,0.716753,0.716753,0.0
2015-12-23,0.718442,0.721464,0.717705,0.718442,0.718442,0.0
2015-12-24,0.721839,0.723694,0.720804,0.721917,0.721917,0.0
2015-12-25,0.723647,0.7245590000000001,0.723197,0.723197,0.723197,0.0
2015-12-28,0.722575,0.72338,0.718701,0.7227,0.7227,0.0
2015-12-29,0.71973,0.723217,0.717381,0.719735,0.719735,0.0
2015-12-30,0.7227680000000001,0.723275,0.718112,0.722857,0.722857,0.0
2015-12-31,0.720788,0.7227939999999999,0.719404,0.720877,0.720877,0.0
2016-01-01,0.71944,0.722951,0.71944,0.71944,0.71944,0.0
2016-01-04,0.720788,0.722126,0.71736,0.721267,0.721267,0.0
2016-01-05,0.717551,0.7196319999999999,0.715221,0.717654,0.717654,0.0
2016-01-06,0.714929,0.715359,0.708823,0.7151029999999999,0.7151029999999999,0.0
2016-01-07,0.7109340000000001,0.711642,0.705771,0.710853,0.710853,0.0
2016-01-08,0.709054,0.711172,0.706754,0.7091189999999999,0.7091189999999999,0.0
2016-01-11,0.7051689999999999,0.710884,0.7047220000000001,0.70502,0.70502,0.0
2016-01-12,0.703136,0.705328,0.700408,0.703136,0.703136,0.0
2016-01-13,0.701459,0.704871,0.700334,0.701508,0.701508,0.0
2016-01-14,0.696811,0.697515,0.694734,0.696816,0.696816,0.0
2016-01-15,0.697204,0.697253,0.687474,0.697126,0.697126,0.0
2016-01-18,0.6858569999999999,0.6902739999999999,0.6858569999999999,0.6859649999999999,0.6859649999999999,0.0
2016-01-19,0.6875640000000001,0.6929529999999999,0.687238,0.687545,0.687545,0.0
2016-01-20,0.686488,0.689955,0.68086,0.686662,0.686662,0.0
2016-01-21,0.691037,0.697569,0.68789,0.690846,0.690846,0.0
2016-01-22,0.700771,0.708356,0.699447,0.700732,0.700732,0.0
2016-01-25,0.707014,0.707965,0.702553,0.707184,0.707184,0.0
2016-01-26,0.699364,0.7103689999999999,0.698129,0.699496,0.699496,0.0
2016-01-27,0.708245,0.7120479999999999,0.706464,0.708316,0.708316,0.0
2016-01-28,0.709336,0.7169439999999999,0.7081,0.709482,0.709482,0.0
2016-01-29,0.712504,0.715789,0.710046,0.71254,0.71254,0.0
2016-02-01,0.7156560000000001,0.7156560000000001,0.711182,0.715676,0.715676,0.0
2016-02-02,0.716743,0.716846,0.7102729999999999,0.716846,0.716846,0.0
2016-02-03,0.710879,0.722596,0.7092649999999999,0.711238,0.711238,0.0
2016-02-04,0.725005,0.733122,0.725005,0.724942,0.724942,0.0
2016-02-05,0.726956,0.7294,0.72235,0.7269979999999999,0.7269979999999999,0.0
2016-02-08,0.720202,0.722491,0.7154510000000001,0.720305,0.720305,0.0
2016-02-09,0.7180300000000001,0.725137,0.716384,0.718133,0.718133,0.0
2016-02-10,0.720357,0.723448,0.716717,0.720295,0.720295,0.0
2016-02-11,0.718252,0.720321,0.713806,0.718236,0.718236,0.0
2016-02-12,0.718489,0.720254,0.716184,0.7185819999999999,0.7185819999999999,0.0
2016-02-15,0.7227,0.724795,0.721938,0.7227100000000001,0.7227100000000001,0.0
2016-02-16,0.723495,0.728821,0.7189949999999999,0.72349,0.72349,0.0
2016-02-17,0.7215010000000001,0.729884,0.719751,0.72123,0.72123,0.0
2016-02-18,0.7310369999999999,0.7324930000000001,0.729522,0.731133,0.731133,0.0
2016-02-19,0.727988,0.72812,0.72234,0.727913,0.727913,0.0
2016-02-22,0.7252109999999999,0.731941,0.7252109999999999,0.725216,0.725216,0.0
2016-02-23,0.729773,0.7303,0.724695,0.729767,0.729767,0.0
2016-02-24,0.724858,0.726164,0.7215739999999999,0.724795,0.724795,0.0
2016-02-25,0.729773,0.7364689999999999,0.7282,0.729767,0.729767,0.0
2016-02-26,0.7384430000000001,0.740412,0.737354,0.738334,0.738334,0.0
2016-02-29,0.738002,0.741675,0.7360949999999999,0.738171,0.738171,0.0
2016-03-01,0.738689,0.743992,0.738035,0.738694,0.738694,0.0
2016-03-02,0.7448229999999999,0.745657,0.740845,0.744768,0.744768,0.0
2016-03-03,0.744668,0.747462,0.742247,0.744657,0.744657,0.0
2016-03-04,0.745857,0.748178,0.742391,0.745935,0.745935,0.0
2016-03-07,0.7499060000000001,0.7520439999999999,0.747585,0.750188,0.750188,0.0
2016-03-08,0.7523890000000001,0.752559,0.745862,0.7522760000000001,0.7522760000000001,0.0
2016-03-09,0.745323,0.752293,0.7437159999999999,0.745323,0.745323,0.0
2016-03-10,0.754888,0.755287,0.750796,0.754848,0.754848,0.0
2016-03-11,0.749788,0.7592439999999999,0.7495689999999999,0.749749,0.749749,0.0
2016-03-14,0.7554810000000001,0.7570020000000001,0.7515970000000001,0.755532,0.755532,0.0
2016-03-15,0.75329,0.753636,0.74638,0.753421,0.753421,0.0
2016-03-16,0.748839,0.749479,0.746052,0.748839,0.748839,0.0
2016-03-17,0.762323,0.7724270000000001,0.762137,0.762428,0.762428,0.0
2016-03-18,0.7699060000000001,0.773341,0.767336,0.770179,0.770179,0.0
2016-03-21,0.766442,0.76799,0.763889,0.766518,0.766518,0.0
2016-03-22,0.763825,0.767371,0.761232,0.763825,0.763825,0.0
2016-03-23,0.766401,0.767048,0.7569739999999999,0.766278,0.766278,0.0
2016-03-24,0.757146,0.757174,0.752123,0.7570020000000001,0.7570020000000001,0.0
2016-03-25,0.755287,0.756201,0.753676,0.754671,0.754671,0.0
2016-03-28,0.753262,0.7585529999999999,0.752848,0.7535229999999999,0.7535229999999999,0.0
2016-03-29,0.758985,0.7616149999999999,0.75675,0.759031,0.759031,0.0
2016-03-30,0.765515,0.774353,0.764584,0.765521,0.765521,0.0
2016-03-31,0.770713,0.777623,0.768645,0.770618,0.770618,0.0
2016-04-01,0.7698229999999999,0.771129,0.760803,0.769787,0.769787,0.0
2016-04-04,0.767042,0.768888,0.764468,0.7671060000000001,0.7671060000000001,0.0
2016-04-05,0.764818,0.764994,0.756676,0.7647189999999999,0.7647189999999999,0.0
2016-04-06,0.761093,0.765421,0.758478,0.760965,0.760965,0.0
2016-04-07,0.764584,0.768138,0.758714,0.764479,0.764479,0.0
2016-04-08,0.760879,0.772141,0.760879,0.761035,0.761035,0.0
2016-04-11,0.770469,0.7757350000000001,0.768421,0.770469,0.770469,0.0
2016-04-12,0.774713,0.781922,0.774066,0.7746649999999999,0.7746649999999999,0.0
2016-04-13,0.783141,0.784375,0.780123,0.783331,0.783331,0.0
2016-04-14,0.7803359999999999,0.7822279999999999,0.7754220000000001,0.780159,0.780159,0.0
2016-04-15,0.778616,0.781415,0.7754220000000001,0.778877,0.778877,0.0
2016-04-18,0.7705350000000001,0.781079,0.770001,0.770475,0.770475,0.0
2016-04-19,0.782993,0.791697,0.782173,0.783134,0.783134,0.0
2016-04-20,0.787836,0.793928,0.78562,0.787637,0.787637,0.0
2016-04-21,0.790826,0.791954,0.786176,0.790795,0.790795,0.0
2016-04-22,0.785867,0.792192,0.784012,0.785898,0.785898,0.0
2016-04-25,0.789297,0.790014,0.786473,0.789254,0.789254,0.0
2016-04-26,0.78878,0.7929579999999999,0.788395,0.7889550000000001,0.7889550000000001,0.0
2016-04-27,0.793084,0.795197,0.790127,0.793147,0.793147,0.0
2016-04-28,0.794824,0.798193,0.793437,0.794672,0.794672,0.0
2016-04-29,0.796876,0.800064,0.796514,0.796622,0.796622,0.0
2016-05-02,0.7974479999999999,0.799163,0.796147,0.797257,0.797257,0.0
2016-05-03,0.798021,0.802497,0.787402,0.798148,0.798148,0.0
2016-05-04,0.787402,0.7875939999999999,0.776181,0.787395,0.787395,0.0
2016-05-05,0.777605,0.7822279999999999,0.777122,0.7774840000000001,0.7774840000000001,0.0
2016-05-06,0.777853,0.77912,0.7722600000000001,0.778089,0.778089,0.0
2016-05-09,0.7732640000000001,0.774809,0.7692720000000001,0.773509,0.773509,0.0
2016-05-10,0.7716529999999999,0.773994,0.770511,0.771795,0.771795,0.0
2016-05-11,0.774209,0.779356,0.772744,0.774216,0.774216,0.0
2016-05-12,0.777544,0.782957,0.776578,0.777605,0.777605,0.0
2016-05-13,0.7786890000000001,0.778816,0.7718550000000001,0.778755,0.778755,0.0
2016-05-16,0.771724,0.776621,0.771533,0.771915,0.771915,0.0
2016-05-17,0.7752060000000001,0.778877,0.77195,0.7752600000000001,0.7752600000000001,0.0
2016-05-18,0.774833,0.774833,0.76974,0.774569,0.774569,0.0
2016-05-19,0.767625,0.767625,0.76037,0.767872,0.767872,0.0
2016-05-20,0.764053,0.7647189999999999,0.75985,0.764175,0.764175,0.0
2016-05-23,0.7619630000000001,0.763475,0.7591289999999999,0.7619630000000001,0.7619630000000001,0.0
2016-05-24,0.76063,0.764234,0.758374,0.760746,0.760746,0.0
2016-05-25,0.761847,0.766049,0.761464,0.761905,0.761905,0.0
2016-05-26,0.767342,0.774491,0.7672829999999999,0.767224,0.767224,0.0
2016-05-27,0.770748,0.771129,0.765386,0.770695,0.770695,0.0
2016-05-30,0.766401,0.767224,0.763744,0.766518,0.766518,0.0
2016-05-31,0.766854,0.7683439999999999,0.763353,0.766989,0.766989,0.0
2016-06-01,0.7648590000000001,0.766695,0.762253,0.764748,0.764748,0.0
2016-06-02,0.764994,0.766049,0.760937,0.7648119999999999,0.7648119999999999,0.0
2016-06-03,0.763592,0.774203,0.7631899999999999,0.763709,0.763709,0.0
2016-06-06,0.771795,0.779672,0.770315,0.771647,0.771647,0.0
2016-06-07,0.780518,0.7836380000000001,0.77898,0.780415,0.780415,0.0
2016-06-08,0.783822,0.7902020000000001,0.783822,0.7839020000000001,0.7839020000000001,0.0
2016-06-09,0.788277,0.789328,0.783496,0.788395,0.788395,0.0
2016-06-10,0.785262,0.789397,0.78384,0.785583,0.785583,0.0
2016-06-13,0.782558,0.7840739999999999,0.7796850000000001,0.7823319999999999,0.7823319999999999,0.0
2016-06-14,0.77932,0.780396,0.777001,0.779533,0.779533,0.0
2016-06-15,0.777544,0.779606,0.77409,0.777569,0.777569,0.0
2016-06-16,0.774629,0.775555,0.76431,0.774713,0.774713,0.0
2016-06-17,0.774371,0.779381,0.77266,0.77418,0.77418,0.0
2016-06-20,0.778216,0.7829010000000001,0.7778470000000001,0.778337,0.778337,0.0
2016-06-21,0.7813720000000001,0.783576,0.779837,0.7813720000000001,0.7813720000000001,0.0
2016-06-22,0.780829,0.784806,0.7790100000000001,0.7811279999999999,0.7811279999999999,0.0
2016-06-23,0.780439,0.788463,0.780226,0.780396,0.780396,0.0
2016-06-24,0.780135,0.780135,0.763668,0.779302,0.779302,0.0
2016-06-27,0.767807,0.769408,0.762323,0.76799,0.76799,0.0
2016-06-28,0.7653449999999999,0.771307,0.763143,0.765363,0.765363,0.0
2016-06-29,0.7680899999999999,0.7706529999999999,0.766871,0.768108,0.768108,0.0
2016-06-30,0.7731560000000001,0.774174,0.769349,0.773138,0.773138,0.0
2016-07-01,0.771742,0.777363,0.770838,0.771724,0.771724,0.0
2016-07-04,0.7745569999999999,0.779362,0.774395,0.774533,0.774533,0.0
2016-07-05,0.777103,0.778392,0.770832,0.7771640000000001,0.7771640000000001,0.0
2016-07-06,0.768935,0.771171,0.766066,0.7689,0.7689,0.0
2016-07-07,0.771403,0.776488,0.7699,0.771605,0.771605,0.0
2016-07-08,0.769361,0.7698470000000001,0.764053,0.769408,0.769408,0.0
2016-07-11,0.766354,0.76746,0.761209,0.7665770000000001,0.7665770000000001,0.0
2016-07-12,0.762195,0.769059,0.7614810000000001,0.762021,0.762021,0.0
2016-07-13,0.765867,0.772565,0.764526,0.765837,0.765837,0.0
2016-07-14,0.7707069999999999,0.774936,0.7707069999999999,0.770754,0.770754,0.0
2016-07-15,0.7746529999999999,0.77746,0.770826,0.774695,0.774695,0.0
2016-07-18,0.771849,0.773419,0.767937,0.77179,0.77179,0.0
2016-07-19,0.7717,0.771861,0.766201,0.771724,0.771724,0.0
2016-07-20,0.767648,0.768397,0.763674,0.76766,0.76766,0.0
2016-07-21,0.7651399999999999,0.7678010000000001,0.764965,0.765275,0.765275,0.0
2016-07-22,0.764853,0.7658020000000001,0.758472,0.764894,0.764894,0.0
2016-07-25,0.761302,0.7620319999999999,0.7554069999999999,0.761296,0.761296,0.0
2016-07-26,0.756292,0.7587020000000001,0.75507,0.756264,0.756264,0.0
2016-07-27,0.759019,0.759959,0.756258,0.758985,0.758985,0.0
2016-07-28,0.76147,0.763003,0.758087,0.761191,0.761191,0.0
2016-07-29,0.760375,0.7687579999999999,0.75842,0.760346,0.760346,0.0
2016-08-01,0.7656970000000001,0.7674770000000001,0.76266,0.765796,0.765796,0.0
2016-08-02,0.762015,0.768787,0.761041,0.76205,0.76205,0.0
2016-08-03,0.7629859999999999,0.7651640000000001,0.760699,0.763044,0.763044,0.0
2016-08-04,0.764994,0.767843,0.764146,0.7651399999999999,0.7651399999999999,0.0
2016-08-05,0.768332,0.768604,0.75765,0.768321,0.768321,0.0
2016-08-08,0.758599,0.761157,0.758323,0.758731,0.758731,0.0
2016-08-09,0.76015,0.762771,0.758213,0.76015,0.76015,0.0
2016-08-10,0.762352,0.769799,0.762352,0.7623810000000001,0.7623810000000001,0.0
2016-08-11,0.765843,0.768947,0.764579,0.765931,0.765931,0.0
2016-08-12,0.770042,0.773676,0.7697579999999999,0.770173,0.770173,0.0
2016-08-15,0.771688,0.775092,0.77076,0.771682,0.771682,0.0
2016-08-16,0.773521,0.7812439999999999,0.773204,0.7735449999999999,0.7735449999999999,0.0
2016-08-17,0.777375,0.777986,0.774401,0.777406,0.777406,0.0
2016-08-18,0.778543,0.783269,0.778119,0.778555,0.778555,0.0
2016-08-19,0.782583,0.7826069999999999,0.7757229999999999,0.78273,0.78273,0.0
2016-08-22,0.7758550000000001,0.7758550000000001,0.771754,0.775699,0.775699,0.0
2016-08-23,0.77272,0.777369,0.77272,0.772798,0.772798,0.0
2016-08-24,0.77394,0.775134,0.771837,0.7740239999999999,0.7740239999999999,0.0
2016-08-25,0.773335,0.7753140000000001,0.7728689999999999,0.773311,0.773311,0.0
2016-08-26,0.774389,0.7791140000000001,0.7723800000000001,0.7744489999999999,0.7744489999999999,0.0
2016-08-29,0.768161,0.769468,0.766466,0.768356,0.768356,0.0
2016-08-30,0.76851,0.768699,0.764152,0.76864,0.76864,0.0
2016-08-31,0.764053,0.764538,0.760786,0.764135,0.764135,0.0
2016-09-01,0.762782,0.764193,0.760636,0.7628229999999999,0.7628229999999999,0.0
2016-09-02,0.763779,0.769604,0.762526,0.763709,0.763709,0.0
2016-09-05,0.769556,0.774749,0.769556,0.769586,0.769586,0.0
2016-09-06,0.773353,0.7795569999999999,0.773311,0.773443,0.773443,0.0
2016-09-07,0.778283,0.7798,0.774659,0.778458,0.778458,0.0
2016-09-08,0.776199,0.778095,0.7732220000000001,0.776271,0.776271,0.0
2016-09-09,0.773688,0.774713,0.76653,0.773934,0.773934,0.0
2016-09-12,0.766178,0.766231,0.762021,0.766401,0.766401,0.0
2016-09-13,0.767454,0.767454,0.759238,0.76746,0.76746,0.0
2016-09-14,0.75989,0.76169,0.757128,0.760011,0.760011,0.0
2016-09-15,0.757972,0.761203,0.755567,0.757943,0.757943,0.0
2016-09-16,0.759965,0.760977,0.754916,0.759936,0.759936,0.0
2016-09-19,0.757656,0.761278,0.7574380000000001,0.75765,0.75765,0.0
2016-09-20,0.757455,0.758035,0.7551439999999999,0.7574609999999999,0.7574609999999999,0.0
2016-09-21,0.7586970000000001,0.7610520000000001,0.75655,0.758622,0.758622,0.0
2016-09-22,0.764725,0.769231,0.76417,0.764374,0.764374,0.0
2016-09-23,0.766389,0.767371,0.759417,0.766466,0.766466,0.0
2016-09-26,0.760433,0.761087,0.757622,0.760364,0.760364,0.0
2016-09-27,0.755972,0.759601,0.753267,0.7560060000000001,0.7560060000000001,0.0
2016-09-28,0.756985,0.757748,0.753653,0.757174,0.757174,0.0
2016-09-29,0.765521,0.766401,0.76241,0.765451,0.765451,0.0
2016-09-30,0.7601899999999999,0.7638659999999999,0.758029,0.7603,0.7603,0.0
2016-10-03,0.7616149999999999,0.7652100000000001,0.7608560000000001,0.761464,0.761464,0.0
2016-10-04,0.762358,0.762602,0.75861,0.762433,0.762433,0.0
2016-10-05,0.757754,0.759215,0.755989,0.757777,0.757777,0.0
2016-10-06,0.758864,0.759013,0.754825,0.758898,0.758898,0.0
2016-10-07,0.75631,0.7581899999999999,0.751371,0.75643,0.75643,0.0
2016-10-10,0.754842,0.7610060000000001,0.753301,0.754637,0.754637,0.0
2016-10-11,0.759423,0.759423,0.754837,0.759474,0.759474,0.0
2016-10-12,0.755812,0.7570600000000001,0.752672,0.755904,0.755904,0.0
2016-10-13,0.753137,0.7572949999999999,0.751524,0.753273,0.753273,0.0
2016-10-14,0.75745,0.7613880000000001,0.756498,0.757444,0.757444,0.0
2016-10-17,0.760942,0.762178,0.75861,0.760937,0.760937,0.0
2016-10-18,0.762439,0.766049,0.761099,0.762497,0.762497,0.0
2016-10-19,0.762817,0.768835,0.761789,0.762899,0.762899,0.0
2016-10-20,0.761423,0.761789,0.756704,0.761423,0.761423,0.0
2016-10-21,0.755984,0.756058,0.7491760000000001,0.756029,0.756029,0.0
2016-10-24,0.74889,0.750413,0.746971,0.748895,0.748895,0.0
2016-10-25,0.749254,0.751484,0.747966,0.74912,0.74912,0.0
2016-10-26,0.748901,0.75088,0.747462,0.748951,0.748951,0.0
2016-10-27,0.747613,0.7488560000000001,0.746586,0.747725,0.747725,0.0
2016-10-28,0.7470720000000001,0.748789,0.745423,0.746977,0.746977,0.0
2016-10-31,0.745951,0.7477189999999999,0.744995,0.746157,0.746157,0.0
2016-11-01,0.745168,0.748873,0.744846,0.745223,0.745223,0.0
2016-11-02,0.746726,0.748486,0.745318,0.7467699999999999,0.7467699999999999,0.0
2016-11-03,0.746575,0.7484529999999999,0.746163,0.746603,0.746603,0.0
2016-11-04,0.746714,0.747049,0.7430859999999999,0.7467090000000001,0.7467090000000001,0.0
2016-11-07,0.74857,0.74857,0.74544,0.748542,0.748542,0.0
2016-11-08,0.747854,0.749777,0.746804,0.747898,0.747898,0.0
2016-11-09,0.752066,0.753744,0.7394430000000001,0.752134,0.752134,0.0
2016-11-10,0.7456619999999999,0.746999,0.740373,0.745579,0.745579,0.0
2016-11-11,0.742302,0.7431300000000001,0.738356,0.742368,0.742368,0.0
2016-11-14,0.7393390000000001,0.7395079999999999,0.735965,0.7393,0.7393,0.0
2016-11-15,0.738667,0.742688,0.7378979999999999,0.738667,0.738667,0.0
2016-11-16,0.7432350000000001,0.745034,0.740521,0.743224,0.743224,0.0
2016-11-17,0.7447239999999999,0.746269,0.743544,0.744801,0.744801,0.0
2016-11-18,0.738765,0.7410760000000001,0.737262,0.738754,0.738754,0.0
2016-11-21,0.7402310000000001,0.7470720000000001,0.740209,0.740302,0.740302,0.0
2016-11-22,0.745757,0.747474,0.74412,0.7458229999999999,0.7458229999999999,0.0
2016-11-23,0.744541,0.7449399999999999,0.739891,0.744491,0.744491,0.0
2016-11-24,0.7406689999999999,0.742016,0.738907,0.740658,0.740658,0.0
2016-11-25,0.741295,0.743224,0.739973,0.7412350000000001,0.7412350000000001,0.0
2016-11-28,0.7396010000000001,0.74643,0.7396010000000001,0.7398640000000001,0.7398640000000001,0.0
2016-11-29,0.746152,0.746213,0.741873,0.746085,0.746085,0.0
2016-11-30,0.744552,0.748727,0.743517,0.7445350000000001,0.7445350000000001,0.0
2016-12-01,0.744857,0.7502439999999999,0.744236,0.744857,0.744857,0.0
2016-12-02,0.751473,0.753886,0.7508520000000001,0.75149,0.75149,0.0
2016-12-05,0.7503340000000001,0.753909,0.749182,0.750728,0.750728,0.0
2016-12-06,0.753494,0.754717,0.7513029999999999,0.753466,0.753466,0.0
2016-12-07,0.753216,0.755093,0.752236,0.753182,0.753182,0.0
2016-12-08,0.756149,0.757524,0.754745,0.7560859999999999,0.7560859999999999,0.0
2016-12-09,0.757668,0.759763,0.756888,0.7578630000000001,0.7578630000000001,0.0
2016-12-12,0.761464,0.762835,0.760844,0.761678,0.761678,0.0
2016-12-13,0.761725,0.7630680000000001,0.7611220000000001,0.7618060000000001,0.7618060000000001,0.0
2016-12-14,0.761325,0.764374,0.761012,0.76136,0.76136,0.0
2016-12-15,0.75261,0.75333,0.7464189999999999,0.752683,0.752683,0.0
2016-12-16,0.749979,0.7508630000000001,0.746748,0.750013,0.750013,0.0
2016-12-19,0.749603,0.75092,0.746391,0.7496649999999999,0.7496649999999999,0.0
2016-12-20,0.746124,0.747272,0.744408,0.7460680000000001,0.7460680000000001,0.0
2016-12-21,0.747943,0.748671,0.746408,0.747876,0.747876,0.0
2016-12-22,0.744452,0.745434,0.739672,0.744502,0.744502,0.0
2016-12-23,0.741675,0.741851,0.737692,0.7417630000000001,0.7417630000000001,0.0
2016-12-26,0.739629,0.742258,0.7383890000000001,0.739634,0.739634,0.0
2016-12-27,0.7394149999999999,0.739776,0.737849,0.7395079999999999,0.7395079999999999,0.0
2016-12-28,0.736594,0.737458,0.735408,0.73661,0.73661,0.0
2016-12-29,0.737942,0.741686,0.737643,0.737866,0.737866,0.0
2016-12-30,0.7419720000000001,0.746135,0.7410760000000001,0.7419439999999999,0.7419439999999999,0.0
2017-01-02,0.74438,0.747049,0.743517,0.74438,0.74438,0.0
2017-01-03,0.744009,0.746074,0.743075,0.74397,0.74397,0.0
2017-01-04,0.7450399999999999,0.7522300000000001,0.743146,0.745057,0.745057,0.0
2017-01-05,0.752066,0.757077,0.751247,0.7519359999999999,0.7519359999999999,0.0
2017-01-06,0.755858,0.758783,0.753767,0.755892,0.755892,0.0
2017-01-09,0.755259,0.757105,0.753262,0.755184,0.755184,0.0
2017-01-10,0.7567159999999999,0.758001,0.754364,0.756767,0.756767,0.0
2017-01-11,0.755059,0.7567159999999999,0.752321,0.755059,0.755059,0.0
2017-01-12,0.7597689999999999,0.767401,0.7593300000000001,0.759694,0.759694,0.0
2017-01-13,0.760422,0.76234,0.7594920000000001,0.760422,0.760422,0.0
2017-01-16,0.761777,0.761951,0.7597689999999999,0.761847,0.761847,0.0
2017-01-17,0.7591859999999999,0.768049,0.758225,0.759013,0.759013,0.0
2017-01-18,0.765626,0.766242,0.7623,0.765597,0.765597,0.0
2017-01-19,0.753949,0.754558,0.749648,0.753864,0.753864,0.0
2017-01-20,0.750785,0.752763,0.7470939999999999,0.7506659999999999,0.7506659999999999,0.0
2017-01-23,0.751642,0.75375,0.750024,0.7516649999999999,0.7516649999999999,0.0
2017-01-24,0.755384,0.7607109999999999,0.751976,0.755418,0.755418,0.0
2017-01-25,0.7600859999999999,0.764181,0.759826,0.7602479999999999,0.7602479999999999,0.0
2017-01-26,0.7653800000000001,0.766049,0.7616609999999999,0.7651399999999999,0.7651399999999999,0.0
2017-01-27,0.76393,0.763989,0.761649,0.763942,0.763942,0.0
2017-01-30,0.761568,0.7641399999999999,0.759423,0.761528,0.761528,0.0
2017-01-31,0.763202,0.771075,0.7621020000000001,0.763225,0.763225,0.0
2017-02-01,0.766842,0.766842,0.763831,0.7671060000000001,0.7671060000000001,0.0
2017-02-02,0.766436,0.770416,0.766436,0.76636,0.76636,0.0
2017-02-03,0.76756,0.769509,0.765544,0.767442,0.767442,0.0
2017-02-06,0.768179,0.768781,0.761441,0.768155,0.768155,0.0
2017-02-07,0.7645029999999999,0.764608,0.7570819999999999,0.764234,0.764234,0.0
2017-02-08,0.7580060000000001,0.761093,0.757599,0.758133,0.758133,0.0
2017-02-09,0.7606069999999999,0.763487,0.759555,0.760699,0.760699,0.0
2017-02-10,0.761174,0.765363,0.760005,0.761441,0.761441,0.0
2017-02-13,0.762311,0.764935,0.762195,0.762317,0.762317,0.0
2017-02-14,0.76507,0.767813,0.7631720000000001,0.765023,0.765023,0.0
2017-02-15,0.764555,0.765521,0.762265,0.764456,0.764456,0.0
2017-02-16,0.765111,0.7687579999999999,0.764988,0.765246,0.765246,0.0
2017-02-17,0.764777,0.765755,0.762683,0.764807,0.764807,0.0
2017-02-20,0.764047,0.764818,0.762253,0.764047,0.764047,0.0
2017-02-21,0.763097,0.763178,0.7597109999999999,0.7630560000000001,0.7630560000000001,0.0
2017-02-22,0.760688,0.7626890000000001,0.7571399999999999,0.76067,0.76067,0.0
2017-02-23,0.759815,0.7642399999999999,0.7593479999999999,0.759613,0.759613,0.0
2017-02-24,0.763359,0.7658550000000001,0.762358,0.763324,0.763324,0.0
2017-02-27,0.762195,0.7646430000000001,0.7621140000000001,0.7622359999999999,0.7622359999999999,0.0
2017-02-28,0.758317,0.759544,0.754876,0.758328,0.758328,0.0
2017-03-01,0.751208,0.752683,0.748772,0.7512409999999999,0.7512409999999999,0.0
2017-03-02,0.748789,0.749625,0.746692,0.748951,0.748951,0.0
2017-03-03,0.746898,0.747496,0.745101,0.746675,0.746675,0.0
2017-03-06,0.747205,0.747943,0.745479,0.747272,0.747272,0.0
2017-03-07,0.746252,0.747272,0.744557,0.7461909999999999,0.7461909999999999,0.0
2017-03-08,0.745634,0.74638,0.74249,0.745684,0.745684,0.0
2017-03-09,0.74129,0.74173,0.738929,0.74151,0.74151,0.0
2017-03-10,0.7404229999999999,0.745045,0.7401270000000001,0.740368,0.740368,0.0
2017-03-13,0.7429140000000001,0.744275,0.742209,0.743025,0.743025,0.0
2017-03-14,0.7436050000000001,0.744158,0.741043,0.743428,0.743428,0.0
2017-03-15,0.742368,0.744225,0.741966,0.7422529999999999,0.7422529999999999,0.0
2017-03-16,0.752163,0.753103,0.750351,0.752061,0.752061,0.0
2017-03-17,0.7506550000000001,0.7515970000000001,0.747585,0.750604,0.750604,0.0
2017-03-20,0.749991,0.751563,0.747915,0.750019,0.750019,0.0
2017-03-21,0.749754,0.753704,0.748374,0.749754,0.749754,0.0
2017-03-22,0.748542,0.7494,0.745812,0.748671,0.748671,0.0
2017-03-23,0.749912,0.751089,0.7488560000000001,0.750075,0.750075,0.0
2017-03-24,0.749125,0.7492880000000001,0.7471939999999999,0.7491479999999999,0.7491479999999999,0.0
2017-03-27,0.750356,0.7506659999999999,0.746313,0.7504970000000001,0.7504970000000001,0.0
2017-03-28,0.746999,0.748839,0.74559,0.7469100000000001,0.7469100000000001,0.0
2017-03-29,0.747552,0.748783,0.746308,0.747529,0.747529,0.0
2017-03-30,0.750317,0.753239,0.749322,0.750131,0.750131,0.0
2017-03-31,0.749985,0.7524109999999999,0.748145,0.750047,0.750047,0.0
2017-04-03,0.75043,0.751371,0.746302,0.750424,0.750424,0.0
2017-04-04,0.747111,0.7477189999999999,0.74324,0.7471270000000001,0.7471270000000001,0.0
2017-04-05,0.746269,0.747412,0.744885,0.746386,0.746386,0.0
2017-04-06,0.744291,0.746269,0.7435109999999999,0.744358,0.744358,0.0
2017-04-07,0.745206,0.7493890000000001,0.744668,0.7452449999999999,0.7452449999999999,0.0
2017-04-10,0.745879,0.749451,0.744896,0.745879,0.745879,0.0
2017-04-11,0.750683,0.751371,0.748817,0.75061,0.75061,0.0
2017-04-12,0.750463,0.754364,0.749704,0.7504350000000001,0.7504350000000001,0.0
2017-04-13,0.755173,0.756315,0.753432,0.7551439999999999,0.7551439999999999,0.0
2017-04-14,0.749839,0.751337,0.749839,0.7498279999999999,0.7498279999999999,0.0
2017-04-17,0.7511909999999999,0.753949,0.751151,0.751145,0.751145,0.0
2017-04-18,0.750638,0.751145,0.746636,0.750441,0.750441,0.0
2017-04-19,0.747289,0.747384,0.7421810000000001,0.747267,0.747267,0.0
2017-04-20,0.7416689999999999,0.743058,0.740818,0.741675,0.741675,0.0
2017-04-21,0.742016,0.743163,0.739514,0.742065,0.742065,0.0
2017-04-24,0.741801,0.745657,0.73988,0.741675,0.741675,0.0
2017-04-25,0.738138,0.738416,0.733945,0.738062,0.738062,0.0
2017-04-26,0.736757,0.73816,0.734635,0.736708,0.736708,0.0
2017-04-27,0.734209,0.739208,0.731513,0.734236,0.734236,0.0
2017-04-28,0.733923,0.733923,0.730108,0.733789,0.733789,0.0
2017-05-01,0.7330409999999999,0.7332989999999999,0.730759,0.7330300000000001,0.7330300000000001,0.0
2017-05-02,0.731368,0.7325470000000001,0.727061,0.731422,0.731422,0.0
2017-05-03,0.7297140000000001,0.730658,0.727855,0.7295699999999999,0.7295699999999999,0.0
2017-05-04,0.728513,0.729911,0.72749,0.728475,0.728475,0.0
2017-05-05,0.7270979999999999,0.73078,0.725069,0.727209,0.727209,0.0
2017-05-08,0.7314970000000001,0.7330300000000001,0.72821,0.731459,0.731459,0.0
2017-05-09,0.730359,0.7314970000000001,0.727527,0.730263,0.730263,0.0
2017-05-10,0.7294689999999999,0.73252,0.7282420000000001,0.729554,0.729554,0.0
2017-05-11,0.72932,0.730962,0.726459,0.7293569999999999,0.7293569999999999,0.0
2017-05-12,0.7298359999999999,0.731657,0.7278439999999999,0.729719,0.729719,0.0
2017-05-15,0.728959,0.735208,0.728767,0.7289899999999999,0.7289899999999999,0.0
2017-05-16,0.7337130000000001,0.7362310000000001,0.7321770000000001,0.7337670000000001,0.7337670000000001,0.0
2017-05-17,0.734646,0.736838,0.733159,0.73463,0.73463,0.0
2017-05-18,0.735402,0.736252,0.731631,0.735354,0.735354,0.0
2017-05-19,0.735062,0.738765,0.734759,0.735105,0.735105,0.0
2017-05-22,0.739798,0.7415649999999999,0.7385689999999999,0.739853,0.739853,0.0
2017-05-23,0.741163,0.743163,0.740324,0.741185,0.741185,0.0
2017-05-24,0.739596,0.744258,0.738585,0.739579,0.739579,0.0
2017-05-25,0.745595,0.746949,0.742672,0.7455510000000001,0.7455510000000001,0.0
2017-05-26,0.74162,0.744452,0.741015,0.741653,0.741653,0.0
2017-05-29,0.7434390000000001,0.744768,0.74265,0.7433069999999999,0.7433069999999999,0.0
2017-05-30,0.742187,0.743218,0.740598,0.742203,0.742203,0.0
2017-05-31,0.742374,0.744214,0.7396119999999999,0.742379,0.742379,0.0
2017-06-01,0.7412350000000001,0.742236,0.740066,0.741268,0.741268,0.0
2017-06-02,0.73988,0.741065,0.738225,0.739891,0.739891,0.0
2017-06-05,0.740768,0.742942,0.740697,0.740829,0.740829,0.0
2017-06-06,0.7420770000000001,0.743793,0.741532,0.741966,0.741966,0.0
2017-06-07,0.743528,0.7448229999999999,0.739672,0.743517,0.743517,0.0
2017-06-08,0.740138,0.74157,0.739579,0.740165,0.740165,0.0
2017-06-09,0.7396229999999999,0.745007,0.739213,0.73953,0.73953,0.0
2017-06-12,0.743174,0.744624,0.742821,0.743157,0.743157,0.0
2017-06-13,0.751179,0.756893,0.751179,0.751236,0.751236,0.0
2017-06-14,0.755247,0.759601,0.755247,0.755264,0.755264,0.0
2017-06-15,0.755321,0.756109,0.751592,0.755156,0.755156,0.0
2017-06-16,0.754432,0.756372,0.753415,0.754375,0.754375,0.0
2017-06-19,0.75683,0.758208,0.75454,0.756899,0.756899,0.0
2017-06-20,0.7560520000000001,0.757289,0.752746,0.7560859999999999,0.7560859999999999,0.0
2017-06-21,0.753528,0.75375,0.750689,0.7535850000000001,0.7535850000000001,0.0
2017-06-22,0.7504689999999999,0.756876,0.749873,0.7504689999999999,0.7504689999999999,0.0
2017-06-23,0.7558010000000001,0.756991,0.75158,0.7558010000000001,0.7558010000000001,0.0
2017-06-26,0.754125,0.756876,0.75392,0.754051,0.754051,0.0
2017-06-27,0.754318,0.759054,0.754154,0.754296,0.754296,0.0
2017-06-28,0.7585930000000001,0.766789,0.758587,0.7585529999999999,0.7585529999999999,0.0
2017-06-29,0.767059,0.770119,0.766777,0.766954,0.766954,0.0
2017-06-30,0.7698050000000001,0.7718550000000001,0.769302,0.7696689999999999,0.7696689999999999,0.0
2017-07-03,0.770671,0.771284,0.768888,0.770737,0.770737,0.0
2017-07-04,0.769764,0.774401,0.7684449999999999,0.7698050000000001,0.7698050000000001,0.0
2017-07-05,0.77327,0.773575,0.768569,0.773306,0.773306,0.0
2017-07-06,0.771528,0.773814,0.770238,0.7716529999999999,0.7716529999999999,0.0
2017-07-07,0.770446,0.77717,0.769633,0.770505,0.770505,0.0
2017-07-10,0.7765479999999999,0.776886,0.773329,0.7763369999999999,0.7763369999999999,0.0
2017-07-11,,,,,,
2017-07-12,0.774713,0.7835270000000001,0.7729229999999999,0.7745449999999999,0.7745449999999999,0.0
2017-07-13,0.784369,0.7860520000000001,0.783116,0.784326,0.784326,0.0
2017-07-14,0.785768,0.790451,0.784529,0.7857430000000001,0.7857430000000001,0.0
2017-07-17,0.791008,0.791941,0.788271,0.791027,0.791027,0.0
2017-07-18,0.787643,0.794628,0.787643,0.7875939999999999,0.7875939999999999,0.0
2017-07-19,0.791609,0.794944,0.790489,0.7916529999999999,0.7916529999999999,0.0
2017-07-20,0.793588,0.796978,0.791183,0.793651,0.793651,0.0
2017-07-21,0.7939470000000001,0.798563,0.7933359999999999,0.79389,0.79389,0.0
2017-07-24,0.797862,0.800955,0.796876,0.797798,0.797798,0.0
2017-07-25,0.79961,0.801231,0.798053,0.799655,0.799655,0.0
2017-07-26,0.799495,0.799898,0.797607,0.799584,0.799584,0.0
2017-07-27,0.803342,0.805542,0.797207,0.803084,0.803084,0.0
2017-07-28,0.797531,0.805088,0.7957350000000001,0.797461,0.797461,0.0
2017-07-31,0.802465,0.803239,0.798301,0.802478,0.802478,0.0
2017-08-01,0.799552,0.803032,0.797067,0.799552,0.799552,0.0
2017-08-02,0.79694,0.797575,0.794294,0.797035,0.797035,0.0
2017-08-03,0.795475,0.796603,0.792556,0.7954180000000001,0.7954180000000001,0.0
2017-08-04,0.795615,0.7964319999999999,0.789503,0.7956529999999999,0.7956529999999999,0.0
2017-08-07,0.791014,0.791828,0.786553,0.791077,0.791077,0.0
2017-08-08,0.7889550000000001,0.79047,0.787185,0.7889550000000001,0.7889550000000001,0.0
2017-08-09,0.789129,0.789391,0.7861640000000001,0.789216,0.789216,0.0
2017-08-10,0.787687,0.789011,0.785324,0.7876989999999999,0.7876989999999999,0.0
2017-08-11,0.7849229999999999,0.790139,0.7841600000000001,0.7849659999999999,0.7849659999999999,0.0
2017-08-14,0.789054,0.789204,0.786516,0.789042,0.789042,0.0
2017-08-15,0.785669,0.786287,0.782632,0.785601,0.785601,0.0
2017-08-16,0.784148,0.787668,0.783257,0.784135,0.784135,0.0
2017-08-17,0.792161,0.7943,0.789684,0.792111,0.792111,0.0
2017-08-18,0.788308,0.796128,0.788239,0.788395,0.788395,0.0
2017-08-21,0.7945270000000001,0.795824,0.793323,0.794553,0.794553,0.0
2017-08-22,0.796331,0.798339,0.79413,0.79628,0.79628,0.0
2017-08-23,0.79571,0.796787,0.793821,0.795842,0.795842,0.0
2017-08-24,0.797391,0.7987479999999999,0.79614,0.797238,0.797238,0.0
2017-08-25,0.7991560000000001,0.800974,0.79755,0.799175,0.799175,0.0
2017-08-28,0.801725,0.803561,0.799968,0.801809,0.801809,0.0
2017-08-29,0.799124,0.803678,0.798563,0.799092,0.799092,0.0
2017-08-30,0.799163,0.800064,0.7915270000000001,0.7990729999999999,0.7990729999999999,0.0
2017-08-31,0.791872,0.799214,0.789783,0.791929,0.791929,0.0
2017-09-01,0.80186,0.810117,0.800602,0.801796,0.801796,0.0
2017-09-04,0.807898,0.808146,0.804823,0.807852,0.807852,0.0
2017-09-05,0.805549,0.810399,0.805458,0.805614,0.805614,0.0
2017-09-06,0.808473,0.820291,0.805542,0.8085319999999999,0.8085319999999999,0.0
2017-09-07,0.817281,0.825151,0.817,0.817448,0.817448,0.0
2017-09-08,0.825757,0.82905,0.8221790000000001,0.825852,0.825852,0.0
2017-09-11,0.8228489999999999,0.8267200000000001,0.821781,0.82295,0.82295,0.0
2017-09-12,0.825989,0.827678,0.8217530000000001,0.8259479999999999,0.8259479999999999,0.0
2017-09-13,0.821335,0.824362,0.818759,0.8214229999999999,0.8214229999999999,0.0
2017-09-14,0.821774,0.822166,0.8172,0.8217469999999999,0.8217469999999999,0.0
2017-09-15,0.822118,0.824708,0.8200280000000001,0.822166,0.822166,0.0
2017-09-18,0.8198129999999999,0.82176,0.817074,0.819807,0.819807,0.0
2017-09-19,0.814253,0.8155680000000001,0.8125319999999999,0.814326,0.814326,0.0
2017-09-20,0.813431,0.817261,0.8132060000000001,0.813689,0.813689,0.0
2017-09-21,0.810117,0.811491,0.808617,0.810018,0.810018,0.0
2017-09-22,0.811372,0.81596,0.8108850000000001,0.811431,0.811431,0.0
2017-09-25,0.810005,0.8121430000000001,0.809743,0.809979,0.809979,0.0
2017-09-26,0.8084140000000001,0.809409,0.806445,0.808394,0.808394,0.0
2017-09-27,0.808747,0.810504,0.804531,0.808819,0.808819,0.0
2017-09-28,0.801057,0.806172,0.798805,0.801179,0.801179,0.0
2017-09-29,0.804091,0.806172,0.798403,0.804098,0.804098,0.0
2017-10-02,0.801693,0.806172,0.798531,0.801719,0.801719,0.0
2017-10-03,0.79892,0.800692,0.79762,0.798913,0.798913,0.0
2017-10-04,0.800769,0.8032130000000001,0.8002819999999999,0.800628,0.800628,0.0
2017-10-05,0.801231,0.8025680000000001,0.796832,0.801346,0.801346,0.0
2017-10-06,0.795672,0.797855,0.794042,0.795621,0.795621,0.0
2017-10-09,0.797671,0.798467,0.796331,0.797683,0.797683,0.0
2017-10-10,0.7965399999999999,0.801038,0.7965399999999999,0.796635,0.796635,0.0
2017-10-11,0.799284,0.800833,0.798161,0.799488,0.799488,0.0
2017-10-12,0.803277,0.804272,0.800647,0.803316,0.803316,0.0
2017-10-13,0.801597,0.803,0.799354,0.801603,0.801603,0.0
2017-10-16,0.801385,0.80197,0.796851,0.801475,0.801475,0.0
2017-10-17,0.798563,0.798658,0.7943439999999999,0.798531,0.798531,0.0
2017-10-18,0.800237,0.801802,0.798021,0.800128,0.800128,0.0
2017-10-19,0.80224,0.803277,0.800955,0.802195,0.802195,0.0
2017-10-20,0.801423,0.801603,0.79228,0.801237,0.801237,0.0
2017-10-23,0.791352,0.792896,0.789989,0.791327,0.791327,0.0
2017-10-24,0.7912020000000001,0.79233,0.789042,0.7912020000000001,0.7912020000000001,0.0
2017-10-25,0.7891729999999999,0.789921,0.781043,0.789204,0.789204,0.0
2017-10-26,0.781586,0.78235,0.778755,0.7816770000000001,0.7816770000000001,0.0
2017-10-27,0.778246,0.778331,0.774246,0.778331,0.778331,0.0
2017-10-30,0.779606,0.780518,0.777563,0.7793439999999999,0.7793439999999999,0.0
2017-10-31,0.779606,0.779788,0.774443,0.77977,0.77977,0.0
2017-11-01,0.775687,0.777001,0.774713,0.7757229999999999,0.7757229999999999,0.0
2017-11-02,0.777061,0.780945,0.777061,0.776741,0.776741,0.0
2017-11-03,0.780945,0.786176,0.779126,0.780792,0.780792,0.0
2017-11-06,0.783619,0.785423,0.782381,0.7836989999999999,0.7836989999999999,0.0
2017-11-07,0.786535,0.786844,0.780147,0.786559,0.786559,0.0
2017-11-08,0.783656,0.785978,0.782859,0.783613,0.783613,0.0
2017-11-09,0.785688,0.788208,0.7849109999999999,0.785682,0.785682,0.0
2017-11-10,0.788718,0.7895399999999999,0.787718,0.788749,0.788749,0.0
2017-11-13,0.787848,0.788768,0.784972,0.78791,0.78791,0.0
2017-11-14,0.785219,0.7872899999999999,0.782938,0.785133,0.785133,0.0
2017-11-15,0.785151,0.786609,0.782008,0.785238,0.785238,0.0
2017-11-16,,,,,,
2017-11-17,0.783846,0.786658,0.77991,0.783828,0.783828,0.0
2017-11-20,0.781519,0.784012,0.780792,0.7817390000000001,0.7817390000000001,0.0
2017-11-21,0.780457,0.784271,0.779089,0.780439,0.780439,0.0
2017-11-22,0.782963,0.786411,0.782791,0.78284,0.78284,0.0
2017-11-23,0.786999,0.789204,0.78596,0.787092,0.787092,0.0
2017-11-24,0.786596,0.787836,0.78456,0.786621,0.786621,0.0
2017-11-27,0.786559,0.788706,0.7842520000000001,0.786535,0.786535,0.0
2017-11-28,0.783816,0.784191,0.779818,0.7837970000000001,0.7837970000000001,0.0
2017-11-29,0.780384,0.780921,0.776838,0.780354,0.780354,0.0
2017-11-30,0.777267,0.7781680000000001,0.7750859999999999,0.7774840000000001,0.7774840000000001,0.0
2017-12-01,0.775621,0.7875810000000001,0.775386,0.7757109999999999,0.7757109999999999,0.0
2017-12-04,0.786293,0.789883,0.785848,0.786281,0.786281,0.0
2017-12-05,0.788824,0.7920229999999999,0.787606,0.78883,0.78883,0.0
2017-12-06,0.787774,0.790127,0.781702,0.787774,0.787774,0.0
2017-12-07,0.782044,0.782069,0.777224,0.78205,0.78205,0.0
2017-12-08,0.777805,0.780469,0.776476,0.777726,0.777726,0.0
2017-12-11,0.7776649999999999,0.7795449999999999,0.777109,0.777605,0.777605,0.0
2017-12-12,0.778041,0.780463,0.776018,0.7780279999999999,0.7780279999999999,0.0
2017-12-13,0.777055,0.7798609999999999,0.776458,0.777122,0.777122,0.0
2017-12-14,0.780189,0.781311,0.7774300000000001,0.780275,0.780275,0.0
2017-12-15,0.781629,0.7849970000000001,0.778434,0.781586,0.781586,0.0
2017-12-18,0.7766810000000001,0.778755,0.776373,0.7767350000000001,0.7767350000000001,0.0
2017-12-19,0.7772479999999999,0.7782100000000001,0.774425,0.777309,0.777309,0.0
2017-12-20,0.776518,0.780092,0.776464,0.776506,0.776506,0.0
2017-12-21,0.7796850000000001,0.78625,0.778907,0.7796420000000001,0.7796420000000001,0.0
2017-12-22,0.7850090000000001,0.787513,0.7815979999999999,0.785176,0.785176,0.0
2017-12-25,0.785978,0.788606,0.7817390000000001,0.7857930000000001,0.7857930000000001,0.0
2017-12-26,0.786411,0.788246,0.785694,0.786442,0.786442,0.0
2017-12-27,0.788208,0.792079,0.787718,0.788208,0.788208,0.0
2017-12-28,0.7904140000000001,0.794856,0.790345,0.790533,0.790533,0.0
2017-12-29,0.795988,0.798945,0.795513,0.79583,0.79583,0.0
2018-01-01,0.794862,0.809481,0.7912640000000001,0.794862,0.794862,0.0
2018-01-02,0.796565,0.800006,0.7963939999999999,0.796495,0.796495,0.0
