Date,AUDUSD=X__NZDUSD=X,EURUSD=X__GBPUSD=X,CADUSD=X__CHFUSD=X
2014-01-01,1.0,1.0,1.0
2014-01-02,1.0,1.0,1.0
2014-01-03,1.0,1.0,1.0
2014-01-06,1.0,1.0,1.0
2014-01-07,1.0,1.0,1.0
2014-01-08,1.0,1.0,1.0
2014-01-09,1.0,1.0,1.0
2014-01-10,1.0,1.0,1.0
2014-01-13,1.0,1.0,1.0
2014-01-14,1.0,1.0,1.0
2014-01-15,1.0,1.0,1.0
2014-01-16,1.0,1.0,1.0
2014-01-17,1.0,1.0,1.0
2014-01-20,1.0,1.0,1.0
2014-01-21,1.0,1.0,1.0
2014-01-22,1.0,1.0,1.0
2014-01-23,1.0,1.0,1.0
2014-01-24,1.0,1.0,1.0
2014-01-27,1.0,1.0,1.0
2014-01-28,1.0,1.0,1.0
2014-01-29,1.0,1.0,1.0
2014-01-30,1.0,1.0,1.0
2014-01-31,1.0,1.0,1.0
2014-02-03,1.0,1.0,1.0
2014-02-04,1.0,1.0,1.0
2014-02-05,1.0,1.0,1.0
2014-02-06,1.0,1.0,1.0
2014-02-07,1.0,1.0,1.0
2014-02-10,1.0,1.0,1.0
2014-02-11,1.0,1.0,1.0
2014-02-12,1.0,1.0,1.0
2014-02-13,1.0,1.0,1.0
2014-02-14,1.0,1.0,1.0
2014-02-17,1.0,1.0,1.0
2014-02-18,1.0,1.0,1.0
2014-02-19,1.0,1.0,1.0
2014-02-20,1.0,1.0,1.0
2014-02-21,1.0,1.0,1.0
2014-02-24,1.0,1.0,1.0
2014-02-25,1.0,1.0,1.0
2014-02-26,1.0,1.0,1.0
2014-02-27,1.0,1.0,1.0
2014-02-28,1.0,1.0,1.0
2014-03-03,1.0,1.0,1.0
2014-03-04,1.0,1.0,1.0
2014-03-05,1.0,1.0,1.0
2014-03-06,1.0,1.0,1.0
2014-03-07,1.0,1.0,1.0
2014-03-10,1.0,1.0,1.0
2014-03-11,1.0,1.0,1.0
2014-03-12,1.0,1.0,1.0
2014-03-13,1.0,1.0,1.0
2014-03-14,1.0,1.0,1.0
2014-03-17,1.0,1.0,1.0
2014-03-18,1.0,1.0,1.0
2014-03-19,1.0,1.0,1.0
2014-03-20,1.0,1.0,1.0
2014-03-21,1.0,1.0,1.0
2014-03-24,1.0,1.0,1.0
2014-03-25,1.0,1.0,1.0
2014-03-26,0.8108737938989774,0.27927869878281164,0.21540786211660498
2014-03-27,0.8162567669984052,0.2662626278169725,0.20179642669517237
2014-03-28,0.8139402342125921,0.2572978276327289,0.19255646422826986
2014-03-31,0.814042944480607,0.2580005858829252,0.19289472179121933
2014-04-01,0.8140491669777028,0.26030801452674535,0.19269619218725473
2014-04-02,0.8040505192785186,0.2547799358225449,0.19448115562926194
2014-04-03,0.7878149101539811,0.2558330039283747,0.19101150189793437
2014-04-04,0.7876175236472792,0.262536232295911,0.1874106526627836
2014-04-07,0.7905101198240925,0.2643478600273796,0.18316598234328688
2014-04-08,0.791788653662854,0.2703731117753862,0.18341553673654695
2014-04-09,0.8037043445215438,0.2846775915412209,0.19524098949127638
2014-04-10,0.7972911913067261,0.2970396271971741,0.20713584072547833
2014-04-11,0.7729821223263168,0.29215977295659123,0.19150831554192493
2014-04-14,0.7711908649842634,0.29999204376322797,0.1943633327854581
2014-04-15,0.7701671846167448,0.3004309216630315,0.1890384502150799
2014-04-16,0.7678422221241583,0.30057392748766254,0.18927828787009415
2014-04-17,0.7677150175589239,0.29852354757435273,0.19067192529105464
2014-04-18,0.7677136663804112,0.29970385782336695,0.18942693727736534
2014-04-21,0.7673446559126139,0.29972177151884716,0.1896170226576693
2014-04-22,0.7657519493458439,0.29991131677914923,0.1875774204301809
2014-04-23,0.7658439112329851,0.3009660453532461,0.18748377110332667
2014-04-24,0.7671835231137217,0.29659091005230315,0.18732976172338586
2014-04-25,0.7623427514512476,0.2973004761290583,0.18859094157870093
2014-04-28,0.7621374435857464,0.2969802469594013,0.18806820630711535
2014-04-29,0.7564464232020288,0.297064557945488,0.1884140802872608
2014-04-30,0.7559569597167514,0.2946680824809198,0.17031744950736274
2014-05-01,0.7482380425158176,0.304974568906426,0.16705911605393156
2014-05-02,0.7461985997997296,0.30471515702931945,0.16727076470580854
2014-05-05,0.7419193658523258,0.3041965546328603,0.1662030373711848
2014-05-06,0.741138213823497,0.30388709722211266,0.16579055094487596
2014-05-07,0.7466043268710952,0.3170349852313248,0.18111244522158626
2014-05-08,0.7404658787152179,0.3187477612183785,0.18125162997499997
2014-05-09,0.7378628064007067,0.32585408672293426,0.1608060188907412
2014-05-12,0.7368574840311224,0.34878613317228246,0.1837424681457435
2014-05-13,0.7368792565365381,0.34845929117145874,0.18335028111327553
2014-05-14,0.7368788434369764,0.35530643213015894,0.18341342422625423
2014-05-15,0.733820347374701,0.346168129731812,0.1836690400750496
2014-05-16,0.734354986329624,0.34513790745317197,0.18247556231982387
2014-05-19,0.7324053449664853,0.34273512078860013,0.1807910166622321
2014-05-20,0.734178490395223,0.3421177450731833,0.1808168704478158
2014-05-21,0.7519305334363597,0.34096939349023975,0.17995895106659598
2014-05-22,0.7518075069654632,0.3314932301618256,0.1798305459417029
2014-05-23,0.7518359009456462,0.33407542029001136,0.17801150585915465
2014-05-26,0.7472294192042443,0.3364645750418158,0.17593314804364643
2014-05-27,0.747195874873517,0.3371333355630363,0.17672711900295565
2014-05-28,0.7472314652880878,0.3377418723567093,0.17587213646202343
2014-05-29,0.7361084792868531,0.34425787886526743,0.17683357715259443
2014-05-30,0.7370825273447598,0.34457194266628455,0.17743324870902982
2014-06-02,0.7374097583888903,0.34669393611233695,0.1761229032168231
2014-06-03,0.7437834236688668,0.3479909554768203,0.18547339448444
2014-06-04,0.7430505725440072,0.3473010781540822,0.18370813989689042
2014-06-05,0.7410150009246834,0.34747605032669643,0.1837931208771221
2014-06-06,0.7409094174776932,0.35882271194852744,0.1873560613888488
2014-06-09,0.7404522555755667,0.3594816501103323,0.18720943719295197
2014-06-10,0.739854461159221,0.35951062082803986,0.180277220910974
2014-06-11,0.7389749924087051,0.367190321832456,0.17807549469655332
2014-06-12,0.7210899933021939,0.365391448123102,0.1780923455606694
2014-06-13,0.7178384740012693,0.3465982370069971,0.17918418069422068
2014-06-16,0.7198407668965006,0.345477175433504,0.17845090191858606
2014-06-17,0.7197013598340137,0.3450119011118828,0.1788089197474117
2014-06-18,0.7233249009436697,0.3468161184040239,0.17958561728191627
2014-06-19,0.7261865186586969,0.3504103236302626,0.185460581026844
2014-06-20,0.7294779901101627,0.31928461772309785,0.18446572876495687
2014-06-23,0.7317421235596634,0.31063496156926385,0.19632080255715698
2014-06-24,0.7328575638301207,0.3105563625975213,0.20006328184875558
2014-06-25,0.7350357159745984,0.3064379425399935,0.164041412240019
2014-06-26,0.7295087749539813,0.31613569670734626,0.15851119280328543
2014-06-27,0.7272950482165337,0.30957648932232623,0.166093688712127
2014-06-30,0.7087158475376926,0.3073434282867392,0.1907757425574645
2014-07-01,0.7142403592579348,0.32836029517195525,0.1836212936949307
2014-07-02,0.7079729536143826,0.3274997074103599,0.1664729856212588
2014-07-03,0.7020131153169048,0.310530375235907,0.17446168617857674
2014-07-04,0.7156452220890506,0.3144667515871488,0.16242912341942764
2014-07-07,0.7280996298122002,0.3424075263693206,0.1535851202293949
2014-07-08,0.7347525247193663,0.3400978471713223,0.14946399917059
2014-07-09,0.7352185815466036,0.340724970571302,0.1502418725474267
2014-07-10,0.736158127342057,0.3567089073345582,0.1333002377443183
2014-07-11,0.7288819401731138,0.32177625687957284,0.17643246373483387
2014-07-14,0.7203482819596542,0.3501449190910426,0.1626282593725834
2014-07-15,0.7226703873107637,0.3586762050590221,0.15211708300857096
2014-07-16,0.704766855406297,0.34215106036703674,0.15797771828490373
2014-07-17,0.7048502837205334,0.34452496285869594,0.17105668896338935
2014-07-18,0.7185103452148726,0.3173004117562844,0.1956071837431119
2014-07-21,0.7273158254686707,0.2984368074697427,0.21020182411856805
2014-07-22,0.7333989198676935,0.35135278129330066,0.21071092792272442
2014-07-23,0.689419173021148,0.3568334718806059,0.21430756152821395
2014-07-24,0.6510255891252991,0.35734796081212006,0.21431364382314824
2014-07-25,0.6514107103254814,0.3555955562132534,0.21574298533141428
2014-07-28,0.6585185051470358,0.3562682917395984,0.2246470287537953
2014-07-29,0.6588526339917904,0.3571942393622063,0.23114329470248224
2014-07-30,0.6475838567425177,0.3636681115478917,0.25054426713513156
2014-07-31,0.6545495663119422,0.457853800812918,0.2643337177535376
2014-08-01,0.6591570002742636,0.43647477175341703,0.2702540286835745
2014-08-04,0.6486539470042568,0.4192994510667589,0.26414208500670533
2014-08-05,0.6481829402251803,0.42107802556210766,0.26324154137632816
2014-08-06,0.643390256469441,0.4346393531666935,0.2791074974153257
2014-08-07,0.6458914433361882,0.4291513900706561,0.2762160089515704
2014-08-08,0.6578266629519772,0.4312960957278208,0.276435063811213
2014-08-11,0.6553970053633649,0.4128990112033161,0.2640347216680507
2014-08-12,0.6488725857522635,0.41260919832784376,0.26816288862703447
2014-08-13,0.6433721758712273,0.4091777146818728,0.27417034248305366
2014-08-14,0.6388786870114119,0.37471895766047064,0.25961989052837886
2014-08-15,0.6547013398348316,0.37173991681569774,0.2590761214712131
2014-08-18,0.6531986170520316,0.3621232054355522,0.22886952483616899
2014-08-19,0.6502269336501844,0.3546922454282839,0.2222155406965311
2014-08-20,0.6497503729943827,0.3589867931568886,0.2353813960833434
2014-08-21,0.6414352092144213,0.3713309209719349,0.24165023696861948
2014-08-22,0.608178472958537,0.3503633411525772,0.22722258390423872
2014-08-25,0.602201939044304,0.3627116172480597,0.27289989466838044
2014-08-26,0.6011133026704276,0.3795212700778709,0.27099688263975646
2014-08-27,0.599747477769116,0.3794218629141286,0.2642795257440075
2014-08-28,0.6056522047763121,0.38234292717610047,0.2991233186162524
2014-08-29,0.6042050747828253,0.3828413238321676,0.30129657512021196
2014-09-01,0.6060332900182026,0.37655607712169764,0.31662976492978384
2014-09-02,0.5956502867790571,0.3774633708335554,0.3197597963338513
2014-09-03,0.5943743518063908,0.33991259211435343,0.3217625198408682
2014-09-04,0.5719858144573503,0.31022648529239705,0.234761399694962
2014-09-05,0.5674768672021585,0.4581020513162179,0.17532467065819704
2014-09-08,0.5652088245711664,0.43665210128428467,0.17218618835961974
2014-09-09,0.5786544022061342,0.4429203946349166,0.20633301120797673
2014-09-10,0.5809898933751251,0.45521025667974263,0.2115326430991876
2014-09-11,0.5789296461460062,0.4469115102778578,0.20930026973143595
2014-09-12,0.5778840195052591,0.45242059891388886,0.2056239605624463
2014-09-15,0.5918266894110833,0.45365620950519336,0.19187329210140944
2014-09-16,0.5922327534821,0.4518621116731542,0.18921304610090708
2014-09-17,0.5990763922862682,0.459221457230024,0.20717202776262475
2014-09-18,0.6454413254095979,0.4564043550102456,0.2192417646050229
2014-09-19,0.640123543853021,0.4651349850029636,0.2507616876339291
2014-09-22,0.6337713288404665,0.4791099500720216,0.24814169932641142
2014-09-23,0.6419733097279923,0.4740686239584259,0.2448671939206095
2014-09-24,0.625171218439789,0.47271370427478887,0.22994780656138292
2014-09-25,0.6271037190099811,0.47480232630499797,0.2097873733844222
2014-09-26,0.6221973730061168,0.47760750881611463,0.234650186892944
2014-09-29,0.6296926450682483,0.4917008540037529,0.2504064161100969
2014-09-30,0.6019999979033344,0.4928311185500644,0.25478128029874325
2014-10-01,0.5951504895187533,0.4975626589786008,0.264442202593579
2014-10-02,0.5903104389770927,0.499878990348663,0.26152994739578117
2014-10-03,0.5742243862208324,0.4917619303401769,0.25905437324903985
2014-10-06,0.5953286418826993,0.5486282932048283,0.31312477706942443
2014-10-07,0.6152220312056956,0.5910555763512529,0.361774446710128
2014-10-08,0.6133555836899951,0.5919851609387046,0.35875654480405017
2014-10-09,0.6057291104209642,0.6105290360602819,0.37142603763727394
2014-10-10,0.615382619544405,0.6135373806443272,0.3809007606849344
2014-10-13,0.6220954449757503,0.61601535746809,0.3826094808803264
2014-10-14,0.6343676762203321,0.6074840556206043,0.3631583788719393
2014-10-15,0.6369216940868966,0.6067837897170573,0.3993586147745881
2014-10-16,0.6353424491079668,0.6521818145724193,0.3953941641803477
2014-10-17,0.6375957532106032,0.6281345882548663,0.3952408124247216
2014-10-20,0.6409053330060833,0.6281759975578595,0.3989634539562364
2014-10-21,0.6408133575285303,0.6325923605768335,0.39360524605289215
2014-10-22,0.6347190765713895,0.637301698327198,0.3560111783427812
2014-10-23,0.6054378038658126,0.6439294108993854,0.3563291326962496
2014-10-24,0.6045848481594401,0.6414253365730455,0.37201068975525103
2014-10-27,0.6086754581159081,0.6329917469491771,0.3557778771395071
2014-10-28,0.6047287032434587,0.6350873531183088,0.3529346253630883
2014-10-29,0.6099202249446823,0.6356277206919234,0.36403595587629506
2014-10-30,0.610386338711564,0.6569691667116656,0.3587163147855492
2014-10-31,0.6141690135566117,0.6579275817613851,0.3591362383651409
2014-11-03,0.619960616291052,0.6663035892551418,0.3808127211196045
2014-11-04,0.6235889814072516,0.6661621544978871,0.3799504231729084
2014-11-05,0.6115721446595698,0.6726921563224219,0.3659109077667449
2014-11-06,0.6447525577935667,0.6871825337291213,0.361473602744904
2014-11-07,0.6451810416427206,0.6973772220218498,0.36053297210781654
2014-11-10,0.6550342652234754,0.707762491404458,0.3846689953490376
2014-11-11,0.6546088146985559,0.7073059011348017,0.38607792485152825
2014-11-12,0.6612594138006342,0.7106799388709564,0.3902953767816747
2014-11-13,0.6619920506268016,0.6932926288308043,0.38790911122985666
2014-11-14,0.6593830842897961,0.6771745427866513,0.37478402567639324
2014-11-17,0.6592980715436934,0.6705045927419278,0.3909037191791271
2014-11-18,0.6562439955540234,0.6730707482357103,0.38185173683096885
2014-11-19,0.6551094423552761,0.6717427369775989,0.369074024981018
2014-11-20,0.6673477960575755,0.669917123516816,0.3683265755681408
2014-11-21,0.6660040744689234,0.6646162148689848,0.3692374729007414
2014-11-24,0.670251676720735,0.6806467989896741,0.3032020127848861
2014-11-25,0.6745491915586309,0.6885159512636967,0.29308453087412
2014-11-26,0.6760940436320166,0.6902734908146234,0.2991036269037412
2014-11-27,0.6762577360714829,0.6907872232374862,0.29726463928900965
2014-11-28,0.6766091162532073,0.7271489753913426,0.3045724512378665
2014-12-01,0.6831228816077036,0.7150019979523451,0.3145645723789587
2014-12-02,0.6805365352343119,0.6998772638801904,0.3317443532426149
2014-12-03,0.6744593142304864,0.7063568509652423,0.34355108318431277
2014-12-04,0.6734420961541862,0.6869039606217723,0.3308097983562919
2014-12-05,0.6704554259162013,0.6853740066141809,0.31721561525789566
2014-12-08,0.6713718368130557,0.6935065343715036,0.3269270001714763
2014-12-09,0.6697719814510646,0.686954113184407,0.32175747742016003
2014-12-10,0.6627853502815687,0.6981697361380699,0.32758294303184177
2014-12-11,0.6452482289623563,0.7069218732718628,0.3162355127156311
2014-12-12,0.6514183462437412,0.7134501658364604,0.3216509077662915
2014-12-15,0.6520902932822311,0.7150925628734943,0.3087178581833415
2014-12-16,0.6514461764869691,0.7070264596855661,0.3135270453384722
2014-12-17,0.6466824049380697,0.7154104514421996,0.31526571368039835
2014-12-18,0.6561303311194963,0.7474567093538473,0.2932517332281226
2014-12-19,0.6536936771258365,0.7190842078298543,0.2858139419971627
2014-12-22,0.6539179783558782,0.7222920625038467,0.2867255204283448
2014-12-23,0.6538417796365193,0.7193479385290634,0.2889308243198377
2014-12-24,0.652341042560683,0.7203423087011823,0.28528252026481987
2014-12-25,0.6527681211521927,0.719699877633708,0.28316772068982
2014-12-26,0.6524549518284296,0.7196983450723828,0.28389647292487963
2014-12-29,0.6525928317577526,0.7192754103173584,0.2858020185880706
2014-12-30,0.6524063573236955,0.7205841617749306,0.28498707451359084
2014-12-31,0.6607211455765886,0.7289858660872152,0.2841054708344774
2015-01-01,0.6596803029849867,0.7255247809876062,0.2844432385892077
2015-01-02,0.6615892737783834,0.7266772629447629,0.2852564018230754
2015-01-05,0.6653723807736702,0.7081763112175926,0.32511588072175596
2015-01-06,0.6667198015883873,0.7078666967296365,0.3255823916905837
2015-01-07,0.6592550445009971,0.7068339740652909,0.33421081392239477
2015-01-08,0.6705111172724117,0.7076553436536134,0.331311970058057
2015-01-09,0.6727185478484305,0.709926792841475,0.3307117777730176
2015-01-12,0.6831620353945043,0.7161930788476947,0.32115577269115836
2015-01-13,0.6846447176093455,0.7160119371023675,0.3263176542070687
2015-01-14,0.6836159166181571,0.7144088540598851,0.32055464224023583
2015-01-15,0.6826108444000156,0.7109277083269134,0.3195539332776174
2015-01-16,0.6813339681959083,0.7211453388321567,0.1
2015-01-19,0.676733790359601,0.7304550863806814,0.1
2015-01-20,0.6762424333089638,0.7264874700889445,0.1
2015-01-21,0.6672595951817691,0.7163192263457918,0.1
2015-01-22,0.6666001912222369,0.7186834025255984,0.1
2015-01-23,0.6695779064488877,0.7687002699626557,0.1
2015-01-26,0.685379715500548,0.7758755789294335,0.1
2015-01-27,0.6880176179957179,0.7952246872632946,0.1
2015-01-28,0.6887438451164309,0.8133493524777572,0.1
2015-01-29,0.6658112034254824,0.8323233692000579,0.1
2015-01-30,0.6719877594647745,0.8208089990298089,0.1
2015-02-02,0.6711011643968389,0.8186117320434074,0.1
2015-02-03,0.6710182803201364,0.8115327741478896,0.1
2015-02-04,0.6663872587544647,0.8312450471555489,0.1
2015-02-05,0.667306887937728,0.8142780648563268,0.1
2015-02-06,0.6685416996607034,0.8381015230211176,0.1
2015-02-09,0.6698106962202477,0.851500478105247,0.1
2015-02-10,0.6718879753167005,0.851264717636562,0.1
2015-02-11,0.6688757480498976,0.8483130692765344,0.1
2015-02-12,0.6706056492122165,0.8474585989432287,0.1
2015-02-13,0.6700279813044766,0.8495370322097816,0.1
2015-02-16,0.6678917141878359,0.8505251410613008,0.1
2015-02-17,0.6686296222497574,0.8527378646118445,0.1
2015-02-18,0.674584884800146,0.8775811891104685,0.1
2015-02-19,0.6718948641679744,0.8678064228913116,0.1
2015-02-20,0.6730445029479024,0.8434276915905016,0.1
2015-02-23,0.6742741700160341,0.85204512257401,0.1
2015-02-24,0.6706200157201992,0.8459433601479238,0.1
2015-02-25,0.6623869518774441,0.8437072310879982,0.1
2015-02-26,0.6618260071356468,0.8516023341307841,0.1
2015-02-27,0.6646169839757549,0.8705966376556932,0.1
2015-03-02,0.660912266802162,0.8699032574476411,0.1
2015-03-03,0.6597360421930765,0.8656217111037655,0.1
2015-03-04,0.6626116793000645,0.8655190177342105,0.1
2015-03-05,0.6529400428469104,0.8725653605833932,0.1
2015-03-06,0.6455246205231804,0.8844227527932655,0.1
2015-03-09,0.6376982948917456,0.9084471738824608,0.1
2015-03-10,0.6365832950940794,0.9059383838336507,0.1
2015-03-11,0.6374513833796013,0.9087986758533925,0.1
2015-03-12,0.6357710322968202,0.9237289841711556,0.1
2015-03-13,0.6533061500942303,0.9174120539891777,0.1
2015-03-16,0.6582614278811812,0.9291090750997849,0.1
2015-03-17,0.6677839349027332,0.9379130326810924,0.1
2015-03-18,0.6638898049894831,0.926051543376908,0.1
2015-03-19,0.6779263471416893,0.9778568545721741,0.1
2015-03-20,0.6929083615060806,0.9916037846319753,0.1
2015-03-23,0.7034400194083004,1.0048838834933558,0.1
2015-03-24,0.7039067480028666,0.9992622986907428,0.1
2015-03-25,0.7035841039108791,0.9887946390363384,0.1
2015-03-26,0.7077531327842633,0.9889839131036017,0.1
2015-03-27,0.7051062820400269,0.9892103876591345,0.1
2015-03-30,0.7080619463083448,0.9876958352150254,0.1
2015-03-31,0.7074376843347207,0.9892688428197332,0.1
2015-04-01,0.7065725686858099,0.9990565213385598,0.1
2015-04-02,0.7104157267886014,0.9813273112732124,0.1
2015-04-03,0.6997255796594423,0.9975954692930695,0.1
2015-04-06,0.6977316821346372,1.0113650470031297,0.1
2015-04-07,0.6960043731273398,1.0130965809025851,0.1
2015-04-08,0.6916850518987425,1.0171195370086188,0.1
2015-04-09,0.7115284927696514,1.0073900425007114,0.1
2015-04-10,0.7128476119116811,1.0045357191837485,0.1
2015-04-13,0.7110837601369502,1.0063330611624492,0.1
2015-04-14,0.7158629351082785,1.002104030792006,0.1
2015-04-15,0.7130083354783441,1.0022191326298078,0.1
2015-04-16,0.7228894965861151,1.0041448986349535,0.1
2015-04-17,0.7312078854990524,1.0078241401969166,0.1
2015-04-20,0.7285967947044786,1.0085228514071507,0.1
2015-04-21,0.7317582258426454,1.009754972302799,0.1
2015-04-22,0.733323562863962,1.006360963017971,0.1
2015-04-23,0.713157898801307,0.9889439935594199,0.1
2015-04-24,0.702073545537507,0.9930764236033763,0.1
2015-04-27,0.699893062539764,0.9828772262337678,0.1
2015-04-28,0.7010749149866277,0.9815487949724186,0.1
2015-04-29,0.7109119520062475,0.9858369701775566,0.1
2015-04-30,0.6900670476572612,1.019128851979604,0.1
2015-05-01,0.6898484831707067,1.0105435101078792,0.1
2015-05-04,0.691577878355405,0.9706984664123233,0.1
2015-05-05,0.6917213513671592,0.9698668605266966,0.1
2015-05-06,0.6823600711209088,0.9717319265308788,0.1
2015-05-07,0.6751543432959021,0.985864070697506,0.1
2015-05-08,0.6767029241330504,0.9333300293928075,0.1
2015-05-11,0.6728168847497272,0.9230808263770565,0.1
2015-05-12,0.6643079879529263,0.8917417375998823,0.1
2015-05-13,0.6701309205735748,0.8941026621837643,0.1
2015-05-14,0.6851173604883519,0.904619611042237,0.1
2015-05-15,0.6849365688352362,0.9075441304950284,0.1
2015-05-18,0.6815106962269541,0.9151001278797253,0.1
2015-05-19,0.6816816439324039,0.9296053391814251,0.1
2015-05-20,0.6864513874818182,0.9442848310366788,0.1
2015-05-21,0.6845485522312948,0.9483250316012011,0.1
2015-05-22,0.6849162600753057,0.9391881321571637,0.1
2015-05-25,0.6898385318781274,0.9349188438697601,0.1
2015-05-26,0.6907038006732419,0.938519731158992,0.1
2015-05-27,0.6984667459444007,0.9378484403925833,0.1
2015-05-28,0.7118776780590255,0.9305168263705883,0.1
2015-05-29,0.7128453291511807,0.9254301769294899,0.1
2015-06-01,0.7024776820555644,0.9235025379661101,0.1
2015-06-02,0.7023081203192229,0.9244041636645008,0.1
2015-06-03,0.7210422271057577,0.9535863517672721,0.1
2015-06-04,0.7154294537433507,0.9440872223254534,0.1
2015-06-05,0.7208434739411617,0.9547196332581185,0.1
2015-06-08,0.7215903532961114,0.9569380600755304,0.1
2015-06-09,0.7218928243436844,0.974571008869661,0.1
2015-06-10,0.7214217013920793,0.9738663754039549,0.1
2015-06-11,0.6970770616957315,0.9658612400486462,0.1
2015-06-12,0.69491908996757,0.9645482728005819,0.1
2015-06-15,0.6950826994860194,0.9605060720850922,0.1
2015-06-16,0.6962428403409255,0.9635120427981345,0.1
2015-06-17,0.6953033047664141,0.9616008141765329,0.1
2015-06-18,0.6858521558517604,0.9601189109057168,0.1
2015-06-19,0.6891771886307583,0.9596340645346353,0.1
2015-06-22,0.6844444275223917,0.9958541576243743,0.1
2015-06-23,0.6848999231170199,0.9947046373315388,0.1
2015-06-24,0.6913574809057548,1.0165163189206605,0.1
2015-06-25,0.6889906282094881,1.012611718611894,0.1
2015-06-26,0.6886535494238097,1.011142632915384,0.1
2015-06-29,0.6899313727911396,1.0262248244724128,0.1
2015-06-30,0.6897063698374093,1.0377109958456534,0.1
2015-07-01,0.6841247083183737,1.0408862522899247,0.1
2015-07-02,0.6832190735777732,1.0482548051256408,0.1
2015-07-03,0.686694702777809,1.04046073451671,0.3020063764134409
2015-07-06,0.6998235681716523,1.0423481737455813,0.3021836250331422
2015-07-07,0.699485741004109,1.051018451246089,0.3305966800994171
2015-07-08,0.7108728027595022,1.0426532615346225,0.34562695161761153
2015-07-09,0.6984070613984588,1.0235151438369003,0.40275863717958904
2015-07-10,0.6956684057545974,0.9907897560344275,0.40576669040547597
2015-07-13,0.6815201190359806,0.9777493765202177,0.4001245543595142
2015-07-14,0.6801818786013573,0.9760100386503254,0.42482813474308195
2015-07-15,0.6834272069029672,0.9495586297627001,0.4210339113028192
2015-07-16,0.6937370661136544,0.9466029340163753,0.425639200434376
2015-07-17,0.6771850526232046,0.958753750437646,0.42671500262026035
2015-07-20,0.6779675308599171,0.9599492756969639,0.4277089491288482
2015-07-21,0.6705716801251537,0.966464571244861,0.4382488884798756
2015-07-22,0.6770349727278571,0.9556089602754543,0.43519970267376124
2015-07-23,0.6783677003196033,0.9601094564131019,0.43504955330410033
2015-07-24,0.6780271540387708,0.9284640104802689,0.42806945242660294
2015-07-27,0.6829082740899162,0.9157932265881671,0.42508693021768496
2015-07-28,0.6774788787229992,0.9227971845361909,0.4241200706006925
2015-07-29,0.6804519672563216,0.9215057698110053,0.42291548903489445
2015-07-30,0.6785252578225538,0.923108062074925,0.42139903388719857
2015-07-31,0.6763293444658989,0.9243211740177067,0.4232633527763051
2015-08-03,0.6782215700738264,0.9250347590416825,0.4223509179673948
2015-08-04,0.6789563258691865,0.9218420693403379,0.4227442845478985
2015-08-05,0.6686857399093533,0.9242253685312004,0.4255978196267891
2015-08-06,0.6695287219254816,0.931599751387418,0.42322796256062184
2015-08-07,0.6682785363396313,0.917894423023281,0.4228065854892259
2015-08-10,0.6673952168586362,0.9179977953116556,0.43433052778033276
2015-08-11,0.6686336082417401,0.9259397614496279,0.4372534924942004
2015-08-12,0.6829033677090849,0.9257917912043973,0.4396707847073389
2015-08-13,0.6901643867536518,0.932864614378578,0.4466116677278434
2015-08-14,0.6833221358028332,0.9184408103028091,0.444150610271691
2015-08-17,0.6843940931440083,0.913168414701934,0.44459773752970305
2015-08-18,0.6803824217297704,0.9138055323424564,0.4446110354767821
2015-08-19,0.675609738405342,0.9019118807184276,0.44714387730425165
2015-08-20,0.6773592740401055,0.8984996802236797,0.43069101714770996
2015-08-21,0.6811089117212024,0.8979805710638181,0.43249018491034186
2015-08-24,0.6861073137067224,0.8721323803320328,0.39437690676718706
2015-08-25,0.6683961527756874,0.8945704217171707,0.36948730330178436
2015-08-26,0.664263676560005,0.8879522624787486,0.3718583077179725
2015-08-27,0.6650897647230837,0.895002357543179,0.35158158176227905
2015-08-28,0.6600609562095394,0.9085312320819672,0.3203028267718081
2015-08-31,0.6546195364996493,0.8934525685665035,0.31227807821493364
2015-09-01,0.6431260989254919,0.8836174920047557,0.30715070076145196
2015-09-02,0.6518025093025186,0.8828889469112124,0.30046594762600165
2015-09-03,0.6388225997865501,0.8370501678833294,0.2509200071023126
2015-09-04,0.6226855508902392,0.8178919090175769,0.2327988277866553
2015-09-07,0.6133684317173024,0.7916829868977493,0.21632932562902701
2015-09-08,0.6029566381558804,0.7845405771562931,0.21117028269190055
2015-09-09,0.6120304758222207,0.7852550792886137,0.20801001564082758
2015-09-10,0.6109236121639531,0.7789138676644982,0.20488070648032183
2015-09-11,0.6237083713566176,0.7792429873017577,0.2084264203305656
2015-09-14,0.6193083399713993,0.780181589984501,0.21100728338666622
2015-09-15,0.6190535316908282,0.7794191697114697,0.20726793948814543
2015-09-16,0.6158829056885593,0.7812707105445191,0.2052349939020844
2015-09-17,0.618828971414963,0.7564014205662997,0.20341710899898324
2015-09-18,0.6293381685103008,0.7653087142457715,0.19753447073382466
2015-09-21,0.6321127246737017,0.758713934752893,0.19122923570625694
2015-09-22,0.6346182685448006,0.759106554436928,0.19348873281755924
2015-09-23,0.6401935038963608,0.7446242106688651,0.19340540410622528
2015-09-24,0.6390773843631304,0.7277021461127332,0.1949308633876071
2015-09-25,0.6342132206340412,0.7168695990613383,0.1944182321498781
2015-09-28,0.6286564131601933,0.7112043664413538,0.1947315625893873
2015-09-29,0.6235190061900564,0.7102085303943316,0.19104228225791958
2015-09-30,0.6241904237389149,0.7059298306097218,0.1831354744985061
2015-10-01,0.6182836650160802,0.7111445658930553,0.1581619847071626
2015-10-02,0.6062605905996158,0.7060034397781101,0.14364475993559986
2015-10-05,0.6034965829386812,0.7036007003361062,0.15023693259398269
2015-10-06,0.6004503127695063,0.7002610402666473,0.1445037928554594
2015-10-07,0.6081666875849453,0.7057673157926996,0.14844258686253534
2015-10-08,0.6092155951723431,0.7071777429584757,0.16227373531120082
2015-10-09,0.6242553896139877,0.7068428370741173,0.151821167094423
2015-10-12,0.6232279513117583,0.7043653081291968,0.1560297998798535
2015-10-13,0.6230494270260606,0.7054072074346337,0.15970817787397784
2015-10-14,0.6178544064108877,0.6874227978424123,0.1602659571640354
2015-10-15,0.6339742732112793,0.6594934630743291,0.1743658088175294
2015-10-16,0.6339149365668093,0.6797873767469285,0.18085683781555234
2015-10-19,0.6343250284106926,0.7111059700238016,0.18229271932217236
2015-10-20,0.6338531007028336,0.7066723782008693,0.18686846058963474
2015-10-21,0.6365173026228856,0.7037548857833825,0.18560848173704955
2015-10-22,0.6386491356365698,0.6871118842762696,0.18878674595011088
2015-10-23,0.6251169385399076,0.7703271767924551,0.16871923982271236
2015-10-26,0.6204444899849032,0.7773976591127799,0.18003515515743235
2015-10-27,0.6263330630477221,0.8200535342714892,0.1787535943069191
2015-10-28,0.619082076574825,0.8158012947428421,0.1746640468205488
2015-10-29,0.6128557654564128,0.8090541329609604,0.15757842363323832
2015-10-30,0.6119139571078521,0.8107792652858417,0.16314481489925947
2015-11-02,0.6128158782546637,0.8042732727559595,0.1669207077000848
2015-11-03,0.6129987747347954,0.7925934328900299,0.14688632202414398
2015-11-04,0.5869754062439426,0.7625330220369855,0.13274306104423575
2015-11-05,0.5875499715778999,0.7713767957653388,0.13391093507292726
2015-11-06,0.5883544260487271,0.7397253454212793,0.13392684783018505
2015-11-09,0.5944581480845488,0.7560018200435598,0.1422352545012341
2015-11-10,0.5943220573586048,0.7545235354403449,0.1433318263701089
2015-11-11,0.5881494955597576,0.7461017531408475,0.13365021459224458
2015-11-12,0.5887743353309675,0.7460074526333441,0.13523927090981272
2015-11-13,0.5831858060199048,0.752463212356275,0.1304628209237425
2015-11-16,0.5922415730236107,0.7573946664100288,0.1337184705047678
2015-11-17,0.5902561762715568,0.7606413331641025,0.12954727252656426
2015-11-18,0.5705601845338762,0.7079831312226831,0.10343554685014028
2015-11-19,0.5709928333938672,0.7123903678226936,0.10101707821818438
2015-11-20,0.5748915963341381,0.7226400653306457,0.10164448959741859
2015-11-23,0.570683431073492,0.7201541503487716,0.11064332045667809
2015-11-24,0.5683102163665406,0.6898142993627588,0.10120075851357761
2015-11-25,0.5749834925729286,0.6872862801837432,0.10648357660639643
2015-11-26,0.6001194880848523,0.6923861248490853,0.10732122778922344
2015-11-27,0.602976587781111,0.6952660987455715,0.1068563036890053
2015-11-30,0.6031188449142781,0.6993268438119595,0.11435707595310787
2015-12-01,0.6029311554293202,0.6944639080738001,0.1151569453347267
2015-12-02,0.6128425697590543,0.7033510664378801,0.11539296310402511
2015-12-03,0.623887095609974,0.6724131034639692,0.10273593309292242
2015-12-04,0.6206930777927816,0.7761501008220649,0.1
2015-12-07,0.6167458869781676,0.7769272302041675,0.1
2015-12-08,0.6209835255975964,0.7797740926049973,0.10091356882643143
2015-12-09,0.6210557440774862,0.749040267140329,0.1
2015-12-10,0.6119070713244467,0.7637220539828213,0.1
2015-12-11,0.6137096667007633,0.7682426544374167,0.1034145480049848
2015-12-14,0.6129806282790857,0.7485848148744695,0.1
2015-12-15,0.6205967321878931,0.7248439758970792,0.115507583998357
2015-12-16,0.6304006651322897,0.7182263041082682,0.10751464615254701
2015-12-17,0.6311463598853785,0.712067321073201,0.1
2015-12-18,0.6374578461469749,0.7112893673415329,0.1
2015-12-21,0.6256503850790059,0.7026775967444171,0.1
2015-12-22,0.6262244382759996,0.6986799318412152,0.1
2015-12-23,0.6270853958283439,0.6953066340755643,0.1
2015-12-24,0.6351485130061866,0.706935811896741,0.1
2015-12-25,0.6350365166605874,0.7111172423784002,0.1
2015-12-28,0.6341622497438765,0.7129824544952258,0.1
2015-12-29,0.6325556389589077,0.7024427382056557,0.1
2015-12-30,0.6312092962681314,0.7288139933589347,0.1
2015-12-31,0.638438095370828,0.7295046025269042,0.1
2016-01-01,0.651407099663305,0.7344631536256194,0.1
2016-01-04,0.6494529555630792,0.7336671170249282,0.1
2016-01-05,0.6669132760267341,0.7350997663049196,0.1
2016-01-06,0.6630176802747793,0.7428154796221976,0.1
2016-01-07,0.6699917037119538,0.7455674560945069,0.1
2016-01-08,0.6722792000715173,0.7703359342941352,0.1
2016-01-11,0.6656493881429144,0.753875946247552,0.1
2016-01-12,0.6724185993996852,0.7358800819952691,0.1
2016-01-13,0.6698155391996585,0.7318878110172944,0.1
2016-01-14,0.6707611355899952,0.7295012305879756,0.1
2016-01-15,0.6759757412500222,0.727872997142846,0.1
2016-01-18,0.6924582937399075,0.6764703677437208,0.1
2016-01-19,0.6925436827344357,0.6769253613237648,0.1
2016-01-20,0.6911358256539941,0.6681592574226226,0.1
2016-01-21,0.6866514390647295,0.6657224457329386,0.1
2016-01-22,0.6927680434609423,0.6737362785024735,0.1
2016-01-25,0.6822550820322844,0.6653796450170729,0.1
2016-01-26,0.6853443129518773,0.6631257075419814,0.1
2016-01-27,0.6810950653219848,0.6509015161491478,0.1
2016-01-28,0.6595335753049597,0.623327786143928,0.1
2016-01-29,0.6698654530794806,0.6152079479705787,0.1
2016-02-01,0.6705657983032915,0.6384130712562498,0.1
2016-02-02,0.6709227495145198,0.63132092394758,0.1
2016-02-03,0.6761017763900682,0.6465625433109075,0.1
2016-02-04,0.6877295242236401,0.6728311523549596,0.1
2016-02-05,0.6863465537730491,0.6700888253669902,0.1
2016-02-08,0.6969377812193525,0.6737422042836828,0.1
2016-02-09,0.7170535785682598,0.63408677804425,0.1
2016-02-10,0.7168443408460387,0.6405837536362549,0.1
2016-02-11,0.7202375919039438,0.5887421504186202,0.1
2016-02-12,0.7179578237360152,0.5765134826057728,0.1
2016-02-15,0.7062158993906058,0.5671249868491481,0.1
2016-02-16,0.7253347445006751,0.5733866832041777,0.1
2016-02-17,0.7126304915338533,0.5697823427167645,0.10105417422060692
2016-02-18,0.7151844645440596,0.5721334640394857,0.1
2016-02-19,0.7171468145620182,0.5618418428338254,0.1
2016-02-22,0.7148942370733172,0.5619244410159415,0.1
2016-02-23,0.7228142801958379,0.5773572150982055,0.1
2016-02-24,0.7154096873612702,0.564696141771193,0.1
2016-02-25,0.7195586859238375,0.5631323128041532,0.1
2016-02-26,0.7049633247611523,0.5561965519739799,0.1
2016-02-29,0.6987547707477823,0.5659391524236553,0.1
2016-03-01,0.6967296466999902,0.5543716102803588,0.1
2016-03-02,0.6984235720325093,0.5507546576808182,0.1
2016-03-03,0.7027710775653685,0.5524895798021006,0.1
2016-03-04,0.7078470623678395,0.5508804311829805,0.1
2016-03-07,0.7086339013551611,0.5487384294121359,0.1
2016-03-08,0.7050446058182752,0.5470365664497906,0.1
2016-03-09,0.7018636482821637,0.542971681072321,0.1
2016-03-10,0.6688437083407616,0.5623837647889368,0.1
2016-03-11,0.6674694784963868,0.5908018022157664,0.1
2016-03-14,0.6783036865833515,0.5803638933059649,0.1
2016-03-15,0.678405061755143,0.5872609540013529,0.1
2016-03-16,0.6798864036242319,0.5723386525496209,0.1
2016-03-17,0.6768293066827079,0.5820179769180701,0.1
2016-03-18,0.6820887603635093,0.5790180775115817,0.1157340280911662
2016-03-21,0.686938423778714,0.5786074421898778,0.11195491998396716
2016-03-22,0.6869048571900783,0.5779258241942775,0.12032374347045076
2016-03-23,0.6803923202660174,0.5607169237541717,0.1146494588310011
2016-03-24,0.6868467261693514,0.5714457472003429,0.12060455675845234
2016-03-25,0.6828644001546187,0.5683698720846465,0.1132478976574996
2016-03-28,0.6818874937998616,0.5708131946886433,0.10938772096669053
2016-03-29,0.6812990834464402,0.5669890419387743,0.11617985510715097
2016-03-30,0.6662026609538533,0.580801109780207,0.13107288243193232
2016-03-31,0.6720691581880106,0.5834995467191197,0.11881517220728617
2016-04-01,0.6731446057613886,0.5838936616756233,0.11979495902216925
2016-04-04,0.6681211643572125,0.5673678228128657,0.11543736821346741
2016-04-05,0.6701750701138074,0.5689048347092848,0.10934313721416955
2016-04-06,0.6781376675479813,0.5630985842996958,0.10600421143057423
2016-04-07,0.6787355390320269,0.5627234742072437,0.1
2016-04-08,0.6972301796103649,0.5507376014407669,0.11307254589690767
2016-04-11,0.704778662415889,0.5455695930694454,0.11518935049855114
2016-04-12,0.7042497350539411,0.5355968467984307,0.11551286240365795
2016-04-13,0.7080263909124814,0.5309663913055748,0.10014974034781632
2016-04-14,0.7015636961896932,0.535037095556219,0.1213062104536747
2016-04-15,0.694397007181436,0.5309446698810035,0.11929413597874483
2016-04-18,0.6922937416563981,0.5356429472847757,0.11614534919273191
2016-04-19,0.7045555811890106,0.5258084177482795,0.12257867496892205
2016-04-20,0.7276172677370997,0.526680309820643,0.12888112706931432
2016-04-21,0.7211509839414425,0.5265434786916904,0.11249832598852771
2016-04-22,0.7222911772097362,0.5483795755115434,0.11790681821441656
2016-04-25,0.7115024851859656,0.49854849651547484,0.1
2016-04-26,0.711471124028352,0.4999150626107209,0.1
2016-04-27,0.712416038631671,0.49971434979171214,0.1
2016-04-28,0.7003820914548524,0.4996393164142342,0.1
2016-04-29,0.702276443726128,0.49773854564430536,0.1
2016-05-02,0.6973191978358085,0.49493614094611493,0.1
2016-05-03,0.7020657097723533,0.4978666503734761,0.1
2016-05-04,0.7236326723900024,0.4971872393857244,0.1
2016-05-05,0.7236950789644595,0.4969446384084739,0.1
2016-05-06,0.7203217798931527,0.4953193443944836,0.1
2016-05-09,0.7295234852179535,0.4865796819685626,0.1
2016-05-10,0.7291101070343409,0.48787474526089125,0.1
2016-05-11,0.7277043484712192,0.48596575087128785,0.1
2016-05-12,0.7271607124501821,0.4882498692667698,0.1
2016-05-13,0.7269972136511296,0.48636918088611025,0.1
2016-05-16,0.7278481835214377,0.4903080604874263,0.1
2016-05-17,0.7294676081338933,0.4834346050142354,0.1
2016-05-18,0.7239370186894711,0.48157122926513446,0.1
2016-05-19,0.7295385071749348,0.45092366777509935,0.11247891924631104
2016-05-20,0.7293215095168356,0.3738085723465426,0.13710791777222112
2016-05-23,0.7332149374884918,0.36529157709637516,0.13511608969183636
2016-05-24,0.7304791119677831,0.36173269009110653,0.12477019525939544
2016-05-25,0.7303374529711215,0.33956572677589525,0.13792179481170566
2016-05-26,0.7408268652482444,0.3158741376615413,0.14442693736321896
2016-05-27,0.740595436513124,0.3119031275327551,0.1398959614995692
2016-05-30,0.7312979506934543,0.31448485518129143,0.160300855730352
2016-05-31,0.7244580588737665,0.31609359628665207,0.1601579345190164
2016-06-01,0.7195857476669346,0.3047121914842424,0.16237554842042204
2016-06-02,0.7183985240521694,0.29328098636756855,0.15790992639452942
2016-06-03,0.7130893795729948,0.29215149264805834,0.15333925687758013
2016-06-06,0.7190350256682236,0.28712230274129885,0.18741567187994207
2016-06-07,0.7165123732958404,0.2864594771180974,0.20386638178027192
2016-06-08,0.7198477819344911,0.2879104952456912,0.20698637984997958
2016-06-09,0.6884108370691948,0.29133226496126624,0.21811592582457412
2016-06-10,0.6897615847082437,0.29508855660051525,0.22331881979184137
2016-06-13,0.6888226473040339,0.30159372374472854,0.22329998704942214
2016-06-14,0.6894474471579611,0.3038230270947702,0.21925568934850584
2016-06-15,0.6868561574002322,0.3077150138794797,0.22627329716569042
2016-06-16,0.6861399904870594,0.31103413409200964,0.2279312656344373
2016-06-17,0.6866895161585868,0.29795388317249194,0.23045279880703776
2016-06-20,0.6885167837235718,0.30783138025075096,0.2352008420188703
2016-06-21,0.6813742678211536,0.30095206214417314,0.22807509669588652
2016-06-22,0.6819894450490135,0.29750816590623363,0.22278619591786014
2016-06-23,0.6780466606846929,0.30658465577885735,0.22274394568490893
2016-06-24,0.674839879282957,0.29390619738146345,0.2508691263746316
2016-06-27,0.6822910591215884,0.31583462355005437,0.29830803332755973
2016-06-28,0.6842456546169411,0.3133610792209076,0.30122349120935055
2016-06-29,0.6849396248733485,0.3156151549282724,0.2976505447572373
2016-06-30,0.6862087727036205,0.3175508725618286,0.29245498513981205
2016-07-01,0.6861005477426584,0.31735890880765855,0.289365365867898
2016-07-04,0.6714537184447248,0.32438712511142864,0.30908423233689825
2016-07-05,0.6739186226056602,0.3242016647035073,0.3131774102103966
2016-07-06,0.690462999545621,0.3246626468226183,0.33377701864244846
2016-07-07,0.6932890829656323,0.32481282471911,0.33984097334714203
2016-07-08,0.6703181793000089,0.32538152865034503,0.3542501734989328
2016-07-11,0.6804469470321619,0.3263880998904134,0.3886773488484364
2016-07-12,0.6723788382336252,0.32654585277176656,0.4025620339298544
2016-07-13,0.671708746233247,0.31375957502459056,0.4096136806261639
2016-07-14,0.6857813562654674,0.3107210518151446,0.41526922797327437
2016-07-15,0.662245444868464,0.303640237386027,0.41781571995376393
2016-07-18,0.6546757988493306,0.30045370033936514,0.4497469905245175
2016-07-19,0.6560918776710912,0.2980448299128766,0.45103688908055467
2016-07-20,0.6507267324161423,0.29990854352075147,0.457547679583873
2016-07-21,0.636344010091395,0.285073554365191,0.4013364149152712
2016-07-22,0.6393777841373223,0.2846432228964376,0.41041616217018595
2016-07-25,0.6274142594971244,0.28556001807546383,0.4168768082665632
2016-07-26,0.627133252545561,0.2872839421687751,0.4225630776466263
2016-07-27,0.6275405381251465,0.28499542722217597,0.42929009587343175
2016-07-28,0.6258662027619067,0.28909012942480067,0.42655041594969234
2016-07-29,0.6259827138389924,0.2888107955045695,0.419030118389942
2016-08-01,0.6360691997784093,0.2934519965279133,0.44523949786902195
2016-08-02,0.6380715499981486,0.29246355433417826,0.45441956283995116
2016-08-03,0.6445946616129057,0.2937834188733219,0.45125278265826685
2016-08-04,0.6388724425904855,0.2937107414826696,0.4577011430697702
2016-08-05,0.6408831469009277,0.2915161641321801,0.45439601086738907
2016-08-08,0.6392763154516953,0.29287831073270776,0.4836873662094505
2016-08-09,0.6343006443321111,0.2890114207372604,0.5158077150502367
2016-08-10,0.6361610299364462,0.29036221250468597,0.5540862458620783
2016-08-11,0.6280209506229144,0.29119133639276473,0.5503075086702001
2016-08-12,0.6258580254860033,0.29224978221110437,0.5519967195317915
2016-08-15,0.6260659133096712,0.2876254412872085,0.5606035006677647
2016-08-16,0.6260851137717386,0.2894929499773867,0.5617515253625028
2016-08-17,0.6211571984329675,0.2941905232604682,0.5519849700983598
2016-08-18,0.618221418274564,0.29681246097918124,0.5519444235629263
2016-08-19,0.6140772589839868,0.2950103298580272,0.5558638461337809
2016-08-22,0.6166892404629215,0.29574840073270237,0.5739928180080127
2016-08-23,0.6178217706868507,0.2953540956747297,0.5771439941115548
2016-08-24,0.6186074048520956,0.2939401612077636,0.571925501090546
2016-08-25,0.647001022555713,0.29279149505353136,0.5799662229484032
2016-08-26,0.6497909721425815,0.2849777590412527,0.656001807702926
2016-08-29,0.6466365763809572,0.2889154826273617,0.6552114453880463
2016-08-30,0.6477956385682916,0.2869681786834389,0.6551464208329059
2016-08-31,0.6496967116281208,0.28897734668523295,0.6598511855225192
2016-09-01,0.6520606460225158,0.2843121505620869,0.6199769245983008
2016-09-02,0.6432553679091998,0.2792809767381214,0.6041504908774588
2016-09-05,0.6423815816495291,0.2786065806827927,0.6002808220416107
2016-09-06,0.6423284379972749,0.2774042521133054,0.5989101107000403
2016-09-07,0.6530383597831828,0.28300791262645436,0.602912393899614
2016-09-08,0.6450529564366393,0.28182100376837993,0.5921956319198882
2016-09-09,0.6438011123334899,0.2816006252773786,0.5929811948831655
2016-09-12,0.654636772243087,0.2820239983470665,0.6019860107361932
2016-09-13,0.6538216643975535,0.2806519986042897,0.5931779673427092
2016-09-14,0.6615551369238427,0.2761965968388366,0.595294366106891
2016-09-15,0.6616831865878794,0.2766984327096098,0.5850990530279897
2016-09-16,0.6617198246588409,0.2766349272112894,0.5916393216234095
2016-09-19,0.6598228863756476,0.2831514984193533,0.5898139548619399
2016-09-20,0.6601388279508443,0.2837127248044635,0.5897864319548919
2016-09-21,0.6585118472313628,0.2848635221485994,0.5965263121894486
2016-09-22,0.6578954294022706,0.2858142602400974,0.6036007739912724
2016-09-23,0.6445151950952613,0.28549049029770857,0.602750171240975
2016-09-26,0.6373000464038898,0.28210587819143157,0.5919541539771382
2016-09-27,0.6364311990938831,0.2829211430458048,0.5925337014655884
2016-09-28,0.6294500482468564,0.28255341975517684,0.5962017997305784
2016-09-29,0.6277533899641572,0.27960773851911697,0.6102709398048248
2016-09-30,0.642652240340546,0.27920048270584713,0.5943802704595363
2016-10-03,0.6456325238979808,0.27853912613436344,0.5822998142047464
2016-10-04,0.6303235526416218,0.27991254477824634,0.5701747649468406
2016-10-05,0.6311693396836519,0.2769403271986612,0.5709862657887116
2016-10-06,0.6373002664403856,0.27595071168649044,0.6052881193724976
2016-10-07,0.6370712575797753,0.2722995937553816,0.5973928611307627
2016-10-10,0.6372817852942206,0.27902750278352134,0.6023720715369834
2016-10-11,0.6331312492884094,0.27989373692330655,0.5891317012549404
2016-10-12,0.6327905298229841,0.28110877110118787,0.5886474826791737
2016-10-13,0.6454433464685063,0.2825124788487246,0.5893963803386227
2016-10-14,0.6428707998808443,0.2829043390005607,0.5945496297073515
2016-10-17,0.6477971716614392,0.28309345421269927,0.5957628553404579
2016-10-18,0.6426799931928399,0.2824544313678374,0.5978347930934159
2016-10-19,0.6158859212898716,0.2791671815512453,0.6059716665134305
2016-10-20,0.6175509396457609,0.2791557536549341,0.5924562854424138
2016-10-21,0.6255576299822243,0.27970221690081304,0.6318911744485147
2016-10-24,0.6157766887046285,0.28005194794929483,0.6321753214274883
2016-10-25,0.6120203991032945,0.2799874421123,0.6341268462153927
2016-10-26,0.6121757824271049,0.28023961538859654,0.6436370704250705
2016-10-27,0.6131552640246656,0.28047209109002325,0.6391778195882124
2016-10-28,0.6165051680980956,0.28099749751078285,0.6392906466798364
2016-10-31,0.612960002031732,0.2820901536174003,0.6155836001413231
2016-11-01,0.6124307074906963,0.2830006998359143,0.6211700120171874
2016-11-02,0.6126054567164816,0.283885791746441,0.5859956420191428
2016-11-03,0.5962500351015892,0.29421517663195534,0.5738303171712198
2016-11-04,0.5964464603780893,0.2903900156217841,0.570129275827068
2016-11-07,0.59646121398385,0.29175318952098384,0.5690962846807648
2016-11-08,0.5976629944255076,0.2929169160329482,0.5699930144541725
2016-11-09,0.597396567889209,0.30040861286325043,0.555360239998117
2016-11-10,0.6116916469215095,0.2975050189470093,0.5619698177167072
2016-11-11,0.6095240448959947,0.2922811130940766,0.5620236106073909
2016-11-14,0.6059591221147045,0.2901974137894743,0.5600186503392307
2016-11-15,0.6063076034817576,0.2910322406109682,0.5506453901731593
2016-11-16,0.6075928824640735,0.29251273418403145,0.5358169274746619
2016-11-17,0.6087445473498685,0.29388770257247004,0.5402008141875307
2016-11-18,0.6188976987198109,0.29466515541737826,0.5504323378249497
2016-11-21,0.6098592753143591,0.29560387843252883,0.5287066857531265
2016-11-22,0.6140064528699622,0.29711955452997313,0.5156563123447099
2016-11-23,0.6075882841915327,0.2977743387422645,0.511144722974551
2016-11-24,0.6390674140533066,0.29667878704076933,0.5079026428593559
2016-11-25,0.6381253002047289,0.29572935366286307,0.5080524314675368
2016-11-28,0.6384741755323198,0.2957601916244134,0.5020537960099224
2016-11-29,0.6414063048876416,0.29409740722323835,0.5082223496868327
2016-11-30,0.6371749987643296,0.29274509694184225,0.5069146772397457
2016-12-01,0.6481502223835391,0.2900302340867118,0.5066182688797787
2016-12-02,0.6484088426222625,0.2943676431250355,0.5248513403550609
2016-12-05,0.6465033076903879,0.2844758714924783,0.5179090355908706
2016-12-06,0.6459303437512339,0.2936448036101011,0.5210160322786211
2016-12-07,0.6463206034485152,0.29459355553802824,0.5197774525178729
2016-12-08,0.6386244902906801,0.2904837097210693,0.5253838363022773
2016-12-09,0.6392717415252435,0.29745839931506457,0.5014722396218338
2016-12-12,0.6242494568919674,0.27103290886005615,0.4574811486335873
2016-12-13,0.6189805284241191,0.28545916488044826,0.4515225796861826
2016-12-14,0.6173838146408795,0.2811046346478024,0.45346290782851634
2016-12-15,0.6200722744170798,0.2888710837797977,0.4765061015666837
2016-12-16,0.6207337596540512,0.29926233696806503,0.48084455425873823
2016-12-19,0.627818414817657,0.3022060625354232,0.47590517728008475
2016-12-20,0.6244579292926246,0.30395604962144396,0.4731385708515497
2016-12-21,0.6164876963352144,0.30643193265632196,0.4542534178353587
2016-12-22,0.6169365849947068,0.3076015393928042,0.4456779201793872
2016-12-23,0.6464427639142649,0.3047238703762367,0.44211633791957194
2016-12-26,0.6431827345492909,0.30610396649117333,0.4396685233838827
2016-12-27,0.6487183063101766,0.3055868182557016,0.44129797189649855
2016-12-28,0.6431090452624924,0.33299736236172256,0.46156205391743255
2016-12-29,0.6412998431560685,0.35078663804337357,0.4520964889901278
2016-12-30,0.674127835640166,0.38666979016770614,0.4506000904215093
2017-01-02,0.6861790173023969,0.37757464312815947,0.4464484431102605
2017-01-03,0.6879736870354092,0.3811546288050485,0.4427259139719335
2017-01-04,0.6894249167969444,0.38141120823678926,0.4369958103461203
2017-01-05,0.7017409614867772,0.4003205819492715,0.45274660576587344
2017-01-06,0.7030639383942748,0.4134240466442047,0.4559342916766298
2017-01-09,0.7004731130810656,0.4138188760938372,0.4458369340403986
2017-01-10,0.7031738963704084,0.40279095289868255,0.453518296948821
2017-01-11,0.7023831930846836,0.4036743307125475,0.4682157056684611
2017-01-12,0.7116960194628872,0.39830090619013436,0.47633015837058174
2017-01-13,0.7129589992861732,0.3994562703907841,0.48347781552202174
2017-01-16,0.7123685316306221,0.38240955713808517,0.47556872030762615
2017-01-17,0.7098463696506041,0.3823382318986823,0.4804158882898701
2017-01-18,0.7047608043649314,0.37132723993821937,0.49588771947264554
2017-01-19,0.7065775570567357,0.37555318315595765,0.5389376503269628
2017-01-20,0.7060472998419295,0.38800686357040026,0.5370760094459632
2017-01-23,0.7099456537487643,0.3896193997337099,0.5108016323299289
2017-01-24,0.7035533907068041,0.39122837638328534,0.5179689958631111
2017-01-25,0.7037350973515148,0.39138106196073763,0.5052429842439249
2017-01-26,0.7144008556333786,0.3888226232251731,0.5079327411512409
2017-01-27,0.7251416242273327,0.38960536312363747,0.5106093050620972
2017-01-30,0.723595735102042,0.3919865417952633,0.5054793745057636
2017-01-31,0.7230592698680436,0.389510740432079,0.5051984067814226
2017-02-01,0.7307424315194657,0.3895771484110696,0.5150605628370919
2017-02-02,0.7242779811787741,0.3834828985445179,0.5129548596918507
2017-02-03,0.729389619882516,0.37346433016209973,0.5082257478887493
2017-02-06,0.7238528127486203,0.37036340232820464,0.49212224864054904
2017-02-07,0.7242006770195373,0.3710331681692106,0.48855474978491625
2017-02-08,0.724496039580333,0.3704870998697123,0.5018518824500443
2017-02-09,0.7172219766628352,0.3733682871590175,0.5060537328650102
2017-02-10,0.7151769765303039,0.3758658698817621,0.4956883166385987
2017-02-13,0.708337131927839,0.3712442990100694,0.48111198538437416
2017-02-14,0.7084459174407334,0.3695026166131632,0.4793768295537977
2017-02-15,0.7048096813235276,0.3690718401652906,0.47175017489799886
2017-02-16,0.7073256658629824,0.3694560496825163,0.4716842240851623
2017-02-17,0.7085367968107832,0.3719346309759534,0.4595165962565042
2017-02-20,0.7092138935695858,0.37513238319017517,0.45826905927606704
2017-02-21,0.7079082475439786,0.37374465361915177,0.45828847279807894
2017-02-22,0.7030587627725408,0.3615191076573745,0.45103752877573416
2017-02-23,0.7083902251553519,0.3620671836047183,0.45221450000588415
2017-02-24,0.7061732543267584,0.36361217911126664,0.45659493663697115
2017-02-27,0.6936195355438692,0.35887407715756975,0.4466288602564951
2017-02-28,0.6933494104635786,0.36161717148337724,0.4477071296483193
2017-03-01,0.6857908672232769,0.3649749215361824,0.41553959932818735
2017-03-02,0.6734215866604976,0.36354161121515033,0.4253875169160182
2017-03-03,0.6851178788188168,0.36326319907614507,0.4256114451844062
2017-03-06,0.6852619656769607,0.36465741676205427,0.42454311990971333
2017-03-07,0.6794114850555286,0.3654763831941274,0.4240003253819409
2017-03-08,0.6759998642239533,0.36482613205087455,0.42341539709888176
2017-03-09,0.6762673780048175,0.3631175743868287,0.4109464749629041
2017-03-10,0.6811784247854192,0.3620027584785269,0.40625631673477397
2017-03-13,0.689706910273505,0.3746547142914292,0.4099943456468144
2017-03-14,0.6918656966952811,0.37173203012293116,0.411144164427257
2017-03-15,0.6892763386056198,0.37585861257570463,0.4130128057679754
2017-03-16,0.7170218955351126,0.39307569124754477,0.4508427056041285
2017-03-17,0.7120204962107586,0.3968501508459866,0.46269047138423475
2017-03-20,0.7116274567897405,0.3955875469650683,0.4745228778689815
2017-03-21,0.7101183343483416,0.3962626915926269,0.4757825271705767
2017-03-22,0.7135174216725697,0.4094599568069499,0.45851223151483567
2017-03-23,0.7148918385379184,0.4098556047741603,0.4604726430314138
2017-03-24,0.7147940277366757,0.44759583954054577,0.4605207759827054
2017-03-27,0.7131248465374551,0.4447454723308542,0.4644575529606729
2017-03-28,0.7187922171491176,0.4421131656787251,0.4758223619008168
2017-03-29,0.7091094044175645,0.43389858394263414,0.4594288791729023
2017-03-30,0.7120012149319065,0.43017986775338,0.4453912427870052
2017-03-31,0.7152609347760546,0.42346251534941615,0.43635390304067667
2017-04-03,0.7144951886448515,0.41515243922497874,0.44593474689630724
2017-04-04,0.7200781504293188,0.4110381701712949,0.44277935548386615
2017-04-05,0.7196576358465454,0.4177069462661327,0.4443716850326518
2017-04-06,0.7158694796783355,0.41604185052391734,0.44696527302869415
2017-04-07,0.7054418546783414,0.4149599726528492,0.43727002836296897
2017-04-10,0.7060910137549723,0.41727118503109056,0.42572897559289763
2017-04-11,0.7053141095160309,0.4173027188753362,0.4300921738675041
2017-04-12,0.7004508714969293,0.41881236482843154,0.42979775814376986
2017-04-13,0.702593060156776,0.4221936970390037,0.44034064099169207
2017-04-14,0.6983563817197375,0.42675424446125865,0.44861143969542644
2017-04-17,0.7023085603602981,0.4211478566042515,0.4612811016147799
2017-04-18,0.7026463417813572,0.42264234849681015,0.4601930125452433
2017-04-19,0.693020051867302,0.417052195888824,0.4625530584633152
2017-04-20,0.7116551245238989,0.4139093976687214,0.46835260714524324
2017-04-21,0.6994561352932763,0.42663553310399926,0.4683915134614145
2017-04-24,0.6986897063990491,0.4318496636517946,0.45881090488555815
2017-04-25,0.6931242407870437,0.42920003277542434,0.46383010028855376
2017-04-26,0.6863513163932036,0.4322508298929949,0.48218826993745945
2017-04-27,0.67765468726748,0.43673276012164564,0.46583175919267134
2017-04-28,0.6806104821263823,0.4494151672626761,0.4618281154594342
2017-05-01,0.6891953444599926,0.45305966378466955,0.45834438439625963
2017-05-02,0.6920978467740646,0.4473318786589818,0.47002296487390854
2017-05-03,0.6890166626237891,0.448103826526454,0.4776156971908109
2017-05-04,0.7117633309230679,0.4499809755781431,0.47672929623910437
2017-05-05,0.6970254003021917,0.4511329406978513,0.4390507212433379
2017-05-08,0.6880482070906504,0.4482534219153893,0.4319001058681775
2017-05-09,0.6853413519505572,0.45280720285796416,0.4135585869178495
2017-05-10,0.6903112328308456,0.4554560419630417,0.40222984369108405
2017-05-11,0.6735224573641712,0.456649022073181,0.3937737600588457
2017-05-12,0.67189593399905,0.4558596730670203,0.3936533072660905
2017-05-15,0.671662408090491,0.4533130563917335,0.38879047889494345
2017-05-16,0.6684665431257365,0.45873872873293764,0.40001379973737433
2017-05-17,0.6809061337926711,0.46130043186492753,0.3844134865254072
2017-05-18,0.6566793784684491,0.46697385454349866,0.389155642973484
2017-05-19,0.6497553994919627,0.4631772320490215,0.37106229942570873
2017-05-22,0.6495386446682166,0.48384863611437623,0.3837210997947819
2017-05-23,0.6374722213955599,0.4677118699652363,0.3795224773082737
2017-05-24,0.6380016988281859,0.46907867958111205,0.3820055671062646
2017-05-25,0.644812360768566,0.474924402989574,0.3892597008237729
2017-05-26,0.6479281441542569,0.46503510599520453,0.41838960658460145
2017-05-29,0.6475465189733679,0.46473923558272495,0.4221156079511703
2017-05-30,0.6471626891854289,0.45680924745131885,0.4235411539261339
2017-05-31,0.6466382378173208,0.456112428430047,0.42267905624891333
2017-06-01,0.6347076964794757,0.4441278044562566,0.3714084337069247
2017-06-02,0.639847550308891,0.4308288429847289,0.37017112082128567
2017-06-05,0.6292651422765608,0.42810125569235047,0.36554851743597117
2017-06-06,0.6223776488902194,0.4227953812798269,0.3600462969567945
2017-06-07,0.61950544074306,0.42204018882033234,0.3649567920141556
2017-06-08,0.6173849094556214,0.41949092295683377,0.37384675668418677
2017-06-09,0.6165843895563223,0.41863128896225765,0.37216982183454683
2017-06-12,0.6120762724035109,0.41873743339325303,0.36995450538461644
2017-06-13,0.6116413557365807,0.41707389710746967,0.3679322706559719
2017-06-14,0.6117633256425394,0.414366119835536,0.36543441772376245
2017-06-15,0.621233945297688,0.41121180092703635,0.36531499703331627
2017-06-16,0.6106869417161301,0.3973710957425601,0.3565684510871826
2017-06-19,0.6084380451623067,0.40617411554158483,0.3625589583755039
2017-06-20,0.6095391883178878,0.404353968956589,0.3664490254218864
2017-06-21,0.6103995231214843,0.398213007318256,0.36702758400637037
2017-06-22,0.6023043883137025,0.39204373849025465,0.34314241390615574
2017-06-23,0.5964307887239987,0.38038158823415186,0.3345264133683404
2017-06-26,0.6001297618422302,0.3752567941356691,0.3381424001790089
2017-06-27,0.5952611365112886,0.3899650292940855,0.3334817023985594
2017-06-28,0.5987839633913227,0.40668095067012805,0.3414267251119543
2017-06-29,0.5872814029783797,0.4035147517016838,0.33708344271063995
2017-06-30,0.5845082242689252,0.40978985907976506,0.341045919100878
2017-07-03,0.5827199682069579,0.42345401404911076,0.33530169642596713
2017-07-04,0.5794678265578068,0.4268450343085835,0.33186853739109445
2017-07-05,0.5687785622555674,0.4581759487422582,0.3052191970435711
2017-07-06,0.5707448366623097,0.4516014672766996,0.268291818720992
2017-07-07,0.5625714243966748,0.45646850022456775,0.26553589319098525
2017-07-10,0.5611419924957408,0.45184789908168915,0.250131058701355
2017-07-12,0.5427090818691,0.4482907582828664,0.24348804528618773
2017-07-13,0.547707897069146,0.44464230454877385,0.2439115807998277
2017-07-14,0.5700756963557754,0.4447027189657319,0.23621180761173616
2017-07-17,0.5803409981816974,0.43985746796717484,0.24509316052107022
2017-07-18,0.5738438984045561,0.43824663932878405,0.2495849052394745
2017-07-19,0.6096240399102245,0.4406818034309039,0.25934426674387073
2017-07-20,0.6118845467376598,0.42979143133326103,0.2502746659527557
2017-07-21,0.6095198708053307,0.42279120974456197,0.24859686021685778
2017-07-24,0.5843259309302193,0.4392091481368137,0.25833128301463143
2017-07-25,0.5832000596635671,0.43926606923114997,0.25428989819814385
2017-07-26,0.5819586462140716,0.43727661641759413,0.2526082378865747
2017-07-27,0.5809469640921635,0.449452706194424,0.23144999420497248
2017-07-28,0.6006707602616973,0.45258650924670185,0.2558734860953983
2017-07-31,0.6055263357320503,0.4533826284794781,0.24214492609138594
2017-08-01,0.6048365721943643,0.45602712486683833,0.2410744793115815
2017-08-02,0.5990431779967784,0.45914956751045616,0.24061099023781285
2017-08-03,0.5999335368271779,0.45879341886262837,0.24286959155605065
2017-08-04,0.5906026025271679,0.44795749570107796,0.2419110030622467
2017-08-07,0.5908723782149543,0.46203543844967737,0.2625752294640945
2017-08-08,0.584248627627713,0.45703662608136947,0.2637930726548906
2017-08-09,0.5847688922383313,0.46426258287673644,0.2629155002511319
2017-08-10,0.5801590585123972,0.46544076796900363,0.2376632252123978
2017-08-11,0.5684914762035822,0.4656442196906414,0.2335995636728648
2017-08-14,0.5746259352280785,0.47177857348588065,0.22303536327888024
2017-08-15,0.5746219547902782,0.48536697968764697,0.23229588699935053
2017-08-16,0.5714465012040056,0.48465849792658244,0.23018442843765294
2017-08-17,0.5917002884140178,0.4856925350460788,0.26582785579297924
2017-08-18,0.6142235582468742,0.49058036130736044,0.2547188693423627
2017-08-21,0.6031306672964111,0.49059771540307007,0.23768340790200576
2017-08-22,0.6085993668973365,0.48715950921554885,0.24075748882634013
2017-08-23,0.6131111478571222,0.4875939590090129,0.23729343847665887
2017-08-24,0.6107892752797984,0.48437681566590657,0.23736174400688836
2017-08-25,0.5995509005735028,0.4829946874733433,0.2326605154159418
2017-08-28,0.6003915914177995,0.5053947459258085,0.23565057846431356
2017-08-29,0.5986731984538356,0.5031161850650862,0.22878645142198567
2017-08-30,0.6011279920157568,0.5077450576786904,0.2286696150498716
2017-08-31,0.6059830086846831,0.5064067899896487,0.25358430547356897
2017-09-01,0.5575208504341473,0.4859162956616702,0.23370341788232588
2017-09-04,0.5526371697059574,0.48374625311138286,0.23314427727717613
2017-09-05,0.551811020728113,0.48554105991759344,0.2297164352740883
2017-09-06,0.5509484123069516,0.47782387793922915,0.23318368141761608
2017-09-07,0.5376569997314026,0.471871211733203,0.22779215952603338
2017-09-08,0.5415222391367195,0.47889895192986914,0.24730374211393402
2017-09-11,0.5395621192093977,0.4703645562583646,0.24309837995984
2017-09-12,0.538447606894679,0.47590881251284045,0.22436448722701388
2017-09-13,0.5353300474431818,0.4664561809788767,0.2377007413472172
2017-09-14,0.5495447084152831,0.4798064873283973,0.240889451362771
2017-09-15,0.5457931601144613,0.4593236729000102,0.24783317670288896
2017-09-18,0.5337765934261923,0.44530195179220794,0.24763997076599054
2017-09-19,0.5353646390749627,0.44658656629134164,0.2506392423408779
2017-09-20,0.5381656848946141,0.44776623121365583,0.25226939966204165
2017-09-21,0.5346197105908568,0.45923966321955895,0.2623958336434696
2017-09-22,0.5467821151790543,0.4672037751907353,0.2602347731370229
2017-09-25,0.5436962125278967,0.46478349907838723,0.2617170359449336
2017-09-26,0.5424011555361941,0.4620093343156284,0.25784837025400575
2017-09-27,0.5511437848562862,0.4681242759096629,0.2542243605784221
2017-09-28,0.5491575899159558,0.4735206848081902,0.26502497261328
2017-09-29,0.5465897718493689,0.47046596014275793,0.2581175042034166
2017-10-02,0.5465421423634442,0.4623074884482766,0.24490055032682834
2017-10-03,0.5468233864715867,0.4715536758552804,0.25104869689354103
2017-10-04,0.543259921232063,0.46912358067170024,0.2519612341330501
2017-10-05,0.5515846984234257,0.4963585080697178,0.2712121698750356
2017-10-06,0.5594342312842068,0.49706582031018287,0.27489431344895193
2017-10-09,0.5697502466665679,0.4951799735637225,0.275083160185933
2017-10-10,0.5694050789334747,0.4825390537748301,0.282121174515107
2017-10-11,0.5733121223441673,0.4887954121958017,0.2794092756588598
2017-10-12,0.5785882856636235,0.486019867942998,0.2841965429472381
2017-10-13,0.5710170868851766,0.4845984995857084,0.2863719036146103
2017-10-16,0.576788055975669,0.4903593768075002,0.28576368911496164
2017-10-17,0.5768796907782671,0.48937861161538193,0.2870901613288874
2017-10-18,0.5712729258120683,0.4907950721940924,0.28298472195674507
2017-10-19,0.5745842754971445,0.4908616622017173,0.28757960489705886
2017-10-20,0.47640159427980155,0.4754877263467024,0.27950834162563526
2017-10-23,0.4860126840614614,0.4569430957723182,0.33474582751232856
2017-10-24,0.48368545110754474,0.46039976697721613,0.3434840485999963
2017-10-25,0.48660893295809377,0.45402798084366475,0.3480553511302543
2017-10-26,0.48540816431480416,0.453647374481665,0.3452837762771431
2017-10-27,0.5075067044747634,0.4939605148606132,0.3511483274248551
2017-10-30,0.5060995807119696,0.4942857565702819,0.35132240230874673
2017-10-31,0.5077401415256393,0.49671100662849865,0.3601915414169341
2017-11-01,0.5004528547692526,0.48885283222655573,0.35654413196699386
2017-11-02,0.49908971068528274,0.4872489451662872,0.3674169928997383
2017-11-03,0.5061993123570254,0.43650672355187187,0.3758228709569584
2017-11-06,0.5102618280100353,0.4322002673676905,0.3746476245789625
2017-11-07,0.5118237978679157,0.4171812098716371,0.3672283229249414
2017-11-08,0.522841549019473,0.4186965714008719,0.36768719631215707
2017-11-09,0.5219119665915332,0.4129870020276315,0.3640712394450706
2017-11-10,0.5208463945097817,0.41322082176179625,0.35665839480840544
2017-11-13,0.5194364969879125,0.41159361006667095,0.3561460449377899
2017-11-14,0.5275729223431199,0.41282229867245335,0.357402881775812
2017-11-15,0.5252483673541264,0.41952613648436504,0.34829255867683606
2017-11-17,0.5291362926414794,0.4174655316197134,0.3519913341419067
2017-11-20,0.5299840186518422,0.4115449932423104,0.36106018089405867
2017-11-21,0.5257691751028256,0.4115648137414758,0.36078126308690817
2017-11-22,0.5248517522055443,0.41469091495689564,0.37180997783117603
2017-11-23,0.5277987229814152,0.4239785456282335,0.37967220661026135
2017-11-24,0.5298654757616984,0.42304235580958793,0.37861046400310855
2017-11-27,0.5288161072712172,0.42922635586099067,0.3740384791293853
2017-11-28,0.5209147430712929,0.43835512295688,0.3760708660621124
2017-11-29,0.5206141037267548,0.43181050854931347,0.38031687741004033
2017-11-30,0.5228314241822225,0.4330745244294336,0.37984301361313627
2017-12-01,0.5163755217540286,0.43687446189956786,0.37802764489621304
2017-12-04,0.512101567840959,0.43939711331548753,0.38892480803181173
2017-12-05,0.5159045203449254,0.4384251325697961,0.3849405805253566
2017-12-06,0.5152515150154148,0.4386897639594647,0.38353107450332735
2017-12-07,0.5100532435177709,0.43401194636271573,0.38843077148409194
2017-12-08,0.5189271489923671,0.4280875244726932,0.3998502856683619
2017-12-11,0.5195944549757724,0.4208285464067789,0.4044065524571685
2017-12-12,0.5144375944960948,0.4185457216534814,0.401818085398489
2017-12-13,0.5144007595375922,0.4174009051465987,0.4060856274703679
2017-12-14,0.5256253459969132,0.42699420083654915,0.41108087378267566
2017-12-15,0.5185969861417495,0.40083085650925193,0.4061969874300924
2017-12-18,0.5124342147982041,0.3999912920867244,0.4048306637210787
2017-12-19,0.5108233524065217,0.3971343990557716,0.3970322961025637
2017-12-20,0.5126127600454167,0.39758520062065794,0.4011357975959305
2017-12-21,0.5112725190194229,0.39096505062255876,0.40065765502434636
2017-12-22,0.5127876900514136,0.3903104652097636,0.3945658627868759
2017-12-25,0.5126268108394919,0.39002710137734503,0.39445070966478846
2017-12-26,0.5129618121545776,0.3847298778711187,0.4015412801474937
2017-12-27,0.5136492714182758,0.3858419537331063,0.41359949156140124
2017-12-28,0.5324285594868144,0.39425406310933847,0.4162931374739749
2017-12-29,0.5296989806965328,0.400962938431914,0.4377868742175451
2018-01-01,0.5220274955115145,0.41030857881483973,0.43163194098180696
2018-01-02,0.5098093268061836,0.40659635343011974,0.4223161505789114
